{
	"credit": "quiktori",
	"texture_size": [32, 32],
	"textures": {
		"0": "items/molotov_cocktail",
		"particle": "items/molotov_cocktail"
	},
	"elements": [
		{
			"name": "bottle1",
			"from": [6.5, 0, 6.5],
			"to": [9.5, 6, 9.5],
			"faces": {
				"north": {"uv": [0, 0, 6, 12], "texture": "#0"},
				"east": {"uv": [0, 0, 6, 12], "texture": "#0"},
				"south": {"uv": [0, 0, 6, 12], "texture": "#0"},
				"west": {"uv": [0, 0, 6, 12], "texture": "#0"},
				"up": {"uv": [6, 0, 12, 6], "texture": "#0"},
				"down": {"uv": [6, 0, 12, 6], "texture": "#0"}
			}
		},
		{
			"name": "bottle2",
			"from": [7, 6, 7],
			"to": [9, 9, 9],
			"faces": {
				"north": {"uv": [16, 0, 12.5, 6], "texture": "#0"},
				"east": {"uv": [16, 0, 12.5, 6], "texture": "#0"},
				"south": {"uv": [16, 0, 12.5, 6], "texture": "#0"},
				"west": {"uv": [16, 0, 12.5, 6], "texture": "#0"},
				"up": {"uv": [16, 0, 12.5, 6], "texture": "#0"},
				"down": {"uv": [16, 0, 12.5, 6], "texture": "#0"}
			}
		},
		{
			"name": "bottle3",
			"from": [7.5, 9, 7.5],
			"to": [8.5, 10, 8.5],
			"faces": {
				"north": {"uv": [4.5, 15.5, 5.5, 14.5], "texture": "#0"},
				"east": {"uv": [4.5, 15.5, 5.5, 14.5], "texture": "#0"},
				"south": {"uv": [4.5, 15.5, 5.5, 14.5], "texture": "#0"},
				"west": {"uv": [4.5, 15.5, 5.5, 14.5], "texture": "#0"},
				"up": {"uv": [4.5, 15.5, 5.5, 14.5], "texture": "#0"},
				"down": {"uv": [4.5, 15.5, 5.5, 14.5], "texture": "#0"}
			}
		},
		{
			"name": "fabric1",
			"from": [5.5, 10, 8],
			"to": [8.5, 11.5, 8],
			"faces": {
				"north": {"uv": [6, 6, 16, 11], "texture": "#0"},
				"east": {"uv": [6, 6, 16, 11], "texture": "#0"},
				"south": {"uv": [16, 6, 6, 11], "texture": "#0"},
				"west": {"uv": [6, 6, 16, 11], "texture": "#0"},
				"up": {"uv": [14.5, 6, 16, 10.5], "texture": "#0"},
				"down": {"uv": [14.5, 6, 16, 11], "texture": "#0"}
			}
		},
		{
			"name": "fabric2",
			"from": [5.5, 7, 8],
			"to": [7, 10, 8],
			"faces": {
				"north": {"uv": [10, 7.5, 16, 16], "texture": "#0"},
				"east": {"uv": [10, 7.5, 16, 16], "texture": "#0"},
				"south": {"uv": [16, 7.5, 10, 16], "texture": "#0"},
				"west": {"uv": [10, 7.5, 16, 16], "texture": "#0"},
				"up": {"uv": [10, 7.5, 16, 16], "texture": "#0"},
				"down": {"uv": [10, 7.5, 16, 16], "texture": "#0"}
			}
		}
	],
	"display": {
		"thirdperson_righthand": {
			"rotation": [38, 0, 0]
		},
		"thirdperson_lefthand": {
			"rotation": [38, 0, 0]
		},
		"firstperson_righthand": {
			"translation": [0, 2, 0]
		},
		"firstperson_lefthand": {
			"translation": [0, 2, 0]
		},
		"gui": {
			"rotation": [0, 0, -45],
			"translation": [3, 2, 0],
			"scale": [1.3, 1.3, 1.3]
		},
		"head": {
			"translation": [0, 12.25, 0]
		}
	},
	"groups": [
		{
			"name": "molotov_cocktail",
			"origin": [8, 8, 8],
			"children": [0, 1, 2,
				{
					"name": "fabric",
					"origin": [8, 8, 8],
					"children": [3, 4]
				}
			]
		}
	]
}