{
	"credit": "quiktori",
	"textures": {
		"shotgun": "items/shotgun"
	},
	"elements": [
		{
			"from": [4.125, 5.25, 7.6875],
			"to": [6.375, 6.25, 8.4375],
			"faces": {
				"north": {"uv": [9.0625, 0, 0.6875, 2.9375], "texture": "#shotgun"},
				"east": {"uv": [9.4375, 0, 9.875, 0.875], "texture": "#shotgun"},
				"south": {"uv": [0.6875, 0, 9.0625, 2.9375], "texture": "#shotgun"},
				"west": {"uv": [9.4375, 0, 9.875, 0.875], "texture": "#shotgun"},
				"up": {"uv": [0.6875, 0, 9.0625, 0.1875], "texture": "#shotgun"},
				"down": {"uv": [0.6875, 2.4375, 9.0625, 2.9375], "texture": "#shotgun"}
			}
		},
		{
			"from": [9.5, 5.75, 7.78],
			"to": [10.8125, 6.5, 8.35],
			"rotation": {"angle": -22.5, "axis": "z", "origin": [9.5, 6.5, 7.78]},
			"faces": {
				"north": {"uv": [14.625, 12.125, 11.75, 13.75], "texture": "#shotgun"},
				"east": {"uv": [14.8125, 12.5, 15.6875, 13.25], "texture": "#shotgun"},
				"south": {"uv": [11.75, 12.125, 14.625, 13.75], "texture": "#shotgun"},
				"west": {"uv": [9.5625, 0, 9.875, 0.4375], "texture": "#shotgun"},
				"up": {"uv": [11.9375, 12.1875, 14.4375, 13.75], "texture": "#shotgun"},
				"down": {"uv": [4.375, 8.5, 3.5, 7.625], "texture": "#shotgun"}
			}
		},
		{
			"from": [9.75, 5.75, 7.875],
			"to": [14.5, 6.125, 8.25],
			"rotation": {"angle": -22.5, "axis": "z", "origin": [9.75, 6.125, 7.875]},
			"faces": {
				"north": {"uv": [6.6875, 7.1875, 15.4375, 8], "texture": "#shotgun"},
				"east": {"uv": [7.75, 9.75, 8.125, 10.125], "texture": "#shotgun"},
				"south": {"uv": [15.4375, 7.1875, 6.6875, 8], "texture": "#shotgun"},
				"west": {"uv": [7.875, 9.75, 8.25, 10.125], "texture": "#shotgun"},
				"up": {"uv": [15.4375, 7.1875, 6.75, 7.4375], "texture": "#shotgun"},
				"down": {"uv": [15.4375, 7.1875, 6.75, 7.4375], "texture": "#shotgun"}
			}
		},
		{
			"from": [9.3125, 6.375, 7.8125],
			"to": [9.5625, 6.8125, 8.3125],
			"rotation": {"angle": -45, "axis": "z", "origin": [9.3125, 6.8125, 7.8125]},
			"faces": {
				"north": {"uv": [1.625, 14.5, 2, 14.75], "texture": "#shotgun"},
				"east": {"uv": [11.1875, 0, 11.6875, 0.5], "texture": "#shotgun"},
				"south": {"uv": [1.625, 14.5, 2, 14.75], "texture": "#shotgun"},
				"west": {"uv": [11.1875, 0, 11.6875, 0.5], "texture": "#shotgun"},
				"up": {"uv": [11.25, 0, 11.75, 0.5], "texture": "#shotgun"},
				"down": {"uv": [11.25, 0, 11.75, 0.5], "texture": "#shotgun"}
			}
		},
		{
			"from": [10.0625, 4.875, 7.75],
			"to": [10.4375, 5.25, 8.375],
			"rotation": {"angle": 45, "axis": "z", "origin": [10.0625, 5.25, 7.75]},
			"faces": {
				"north": {"uv": [15, 12.25, 15.375, 12.625], "texture": "#shotgun"},
				"east": {"uv": [14.3125, 12.625, 15.1875, 13], "texture": "#shotgun"},
				"south": {"uv": [15, 12.25, 15.375, 12.625], "texture": "#shotgun"},
				"west": {"uv": [14.3125, 12.625, 15.1875, 13], "texture": "#shotgun"},
				"up": {"uv": [15.5, 11.625, 15.875, 12.5], "texture": "#shotgun"},
				"down": {"uv": [15.5, 11.625, 15.875, 12.5], "texture": "#shotgun"}
			}
		},
		{
			"from": [0.75, 6, 7.875],
			"to": [6.375, 6.375, 8.25],
			"faces": {
				"north": {"uv": [14.8125, 14, 0.1875, 15.75], "texture": "#shotgun"},
				"east": {"uv": [0, 14, 0.375, 14.375], "texture": "#shotgun"},
				"south": {"uv": [0.1875, 14, 14.8125, 15.75], "texture": "#shotgun"},
				"west": {"uv": [0, 14, 0.375, 14.375], "texture": "#shotgun"},
				"up": {"uv": [0.1875, 13.875, 14.875, 14.0625], "texture": "#shotgun"},
				"down": {"uv": [0.1875, 15.8125, 14.9375, 16], "texture": "#shotgun"}
			}
		},
		{
			"from": [9.4375, 5.25, 7.77],
			"to": [10.6875, 6, 8.37],
			"faces": {
				"north": {"uv": [16, 10.3125, 13.1875, 11.4375], "texture": "#shotgun"},
				"east": {"uv": [14.6875, 12.375, 15.25, 13.125], "texture": "#shotgun"},
				"south": {"uv": [13.1875, 10.3125, 16, 11.4375], "texture": "#shotgun"},
				"west": {"uv": [13.125, 10.25, 13.25, 11.625], "texture": "#shotgun"},
				"up": {"uv": [12.375, 12.375, 14.0625, 13.5625], "texture": "#shotgun"},
				"down": {"uv": [14.0625, 12.3125, 15.4375, 13.4375], "texture": "#shotgun"}
			}
		},
		{
			"from": [14.125, 4, 8],
			"to": [14.5, 5.25, 8.125],
			"rotation": {"angle": -22.5, "axis": "z", "origin": [14.125, 5.25, 8]},
			"faces": {
				"north": {"uv": [15.375, 0, 16, 1.125], "texture": "#shotgun"},
				"east": {"uv": [15.125, 0, 16, 1.125], "texture": "#shotgun"},
				"south": {"uv": [15.375, 0, 16, 1.125], "texture": "#shotgun"},
				"west": {"uv": [15.125, 0, 16, 1.125], "texture": "#shotgun"},
				"up": {"uv": [15.375, 0, 16, 0.875], "texture": "#shotgun"},
				"down": {"uv": [15.375, 0, 16, 0.875], "texture": "#shotgun"}
			}
		},
		{
			"from": [9.25, 4.8125, 7.78],
			"to": [10.4375, 5.25, 8.36],
			"faces": {
				"north": {"uv": [15, 12.25, 15.375, 12.625], "texture": "#shotgun"},
				"east": {"uv": [14.3125, 12.625, 15.1875, 13], "texture": "#shotgun"},
				"south": {"uv": [15, 12.25, 15.375, 12.625], "texture": "#shotgun"},
				"west": {"uv": [14.3125, 12.625, 15.1875, 13], "texture": "#shotgun"},
				"up": {"uv": [15.5, 11.625, 15.875, 12.5], "texture": "#shotgun"},
				"down": {"uv": [15.5, 11.625, 15.875, 12.5], "texture": "#shotgun"}
			}
		},
		{
			"from": [9.375, 3.5, 7.875],
			"to": [10.25, 5.125, 8.25],
			"rotation": {"angle": 22.5, "axis": "z", "origin": [9.375, 5.125, 7.875]},
			"faces": {
				"north": {"uv": [16, 6.3125, 14.375, 9.625], "texture": "#shotgun"},
				"east": {"uv": [15.875, 6, 16, 9.75], "texture": "#shotgun"},
				"south": {"uv": [14.375, 6.3125, 16, 9.625], "texture": "#shotgun"},
				"west": {"uv": [14.375, 6.1875, 14.4375, 9.75], "texture": "#shotgun"},
				"up": {"uv": [11.375, 7.625, 12, 8.5], "texture": "#shotgun"},
				"down": {"uv": [14.5625, 9.375, 14.75, 9.625], "texture": "#shotgun"}
			}
		},
		{
			"from": [12.0625, 5.8125, 7.9375],
			"to": [14.375, 6.0625, 8.1875],
			"rotation": {"angle": -45, "axis": "z", "origin": [12.0625, 6.0625, 7.9375]},
			"faces": {
				"north": {"uv": [13.3125, 12.1875, 5.5625, 13.6875], "texture": "#shotgun"},
				"east": {"uv": [9.0625, 0, 9.9375, 1.125], "texture": "#shotgun"},
				"south": {"uv": [5.5625, 12.1875, 13.3125, 13.6875], "texture": "#shotgun"},
				"west": {"uv": [9.0625, 0, 9.9375, 1.125], "texture": "#shotgun"},
				"up": {"uv": [9.125, 0, 9.75, 0.875], "texture": "#shotgun"},
				"down": {"uv": [9.6875, 0.875, 9.0625, 0], "texture": "#shotgun"}
			}
		},
		{
			"from": [13.375, 3.5, 8],
			"to": [13.75, 4.25, 8.125],
			"rotation": {"angle": 22.5, "axis": "z", "origin": [13.375, 4.25, 8]},
			"faces": {
				"north": {"uv": [15.375, 0, 16, 1.125], "texture": "#shotgun"},
				"east": {"uv": [15.125, 0, 16, 1.125], "texture": "#shotgun"},
				"south": {"uv": [15.375, 0, 16, 1.125], "texture": "#shotgun"},
				"west": {"uv": [15.125, 0, 16, 1.125], "texture": "#shotgun"},
				"up": {"uv": [16, 0.875, 15.375, 0], "texture": "#shotgun"},
				"down": {"uv": [16, 0.875, 15.375, 0], "texture": "#shotgun"}
			}
		},
		{
			"from": [14.375, 3.375, 7.75],
			"to": [14.75, 5.25, 8.375],
			"rotation": {"angle": -22.5, "axis": "z", "origin": [14.375, 5.25, 7.75]},
			"faces": {
				"north": {"uv": [15.125, 12.125, 15.75, 13.25], "texture": "#shotgun"},
				"east": {"uv": [14.875, 11.5, 15.75, 12.625], "texture": "#shotgun"},
				"south": {"uv": [15.125, 12.125, 15.75, 13.25], "texture": "#shotgun"},
				"west": {"uv": [14.875, 11.5, 15.75, 12.625], "texture": "#shotgun"},
				"up": {"uv": [14.875, 12.1875, 15.5, 13.0625], "texture": "#shotgun"},
				"down": {"uv": [14.875, 12.1875, 15.5, 13.0625], "texture": "#shotgun"}
			}
		},
		{
			"from": [13.5625, 4.5, 7.9375],
			"to": [13.8125, 5, 8.1875],
			"rotation": {"angle": -45, "axis": "z", "origin": [13.5625, 5, 7.9375]},
			"faces": {
				"north": {"uv": [9.3125, 0, 9.9375, 1.125], "texture": "#shotgun"},
				"east": {"uv": [9.1875, 0, 10, 1.125], "texture": "#shotgun"},
				"south": {"uv": [9.3125, 0, 9.9375, 1.125], "texture": "#shotgun"},
				"west": {"uv": [9.1875, 0, 10, 1.125], "texture": "#shotgun"},
				"up": {"uv": [9.1875, 0, 9.8125, 0.875], "texture": "#shotgun"},
				"down": {"uv": [9.1875, 0, 9.8125, 0.875], "texture": "#shotgun"}
			}
		},
		{
			"from": [12.875, 5, 7.94],
			"to": [13.625, 5.25, 8.17],
			"rotation": {"angle": -22.5, "axis": "z", "origin": [12.875, 5.25, 7.94]},
			"faces": {
				"north": {"uv": [4, 10.75, 4.625, 11.875], "texture": "#shotgun"},
				"east": {"uv": [7.5, 10.75, 8.375, 11.875], "texture": "#shotgun"},
				"south": {"uv": [9.6875, 10.75, 12.75, 12.1875], "texture": "#shotgun"},
				"west": {"uv": [7.625, 10.75, 8.5, 11.875], "texture": "#shotgun"},
				"up": {"uv": [11.375, 7.625, 12, 8.5], "texture": "#shotgun"},
				"down": {"uv": [4.625, 8.5, 4, 7.625], "texture": "#shotgun"}
			}
		},
		{
			"from": [13.6875, 4.875, 7.9375],
			"to": [13.9375, 5.375, 8.1875],
			"rotation": {"angle": -22.5, "axis": "z", "origin": [13.6875, 5.375, 7.9375]},
			"faces": {
				"north": {"uv": [9.1875, 0, 9.8125, 1.125], "texture": "#shotgun"},
				"east": {"uv": [9.0625, 0, 9.9375, 1.125], "texture": "#shotgun"},
				"south": {"uv": [9.1875, 0, 9.8125, 1.125], "texture": "#shotgun"},
				"west": {"uv": [9.0625, 0, 9.9375, 1.125], "texture": "#shotgun"},
				"up": {"uv": [9.25, 0, 9.875, 0.875], "texture": "#shotgun"},
				"down": {"uv": [9.25, 0, 9.875, 0.875], "texture": "#shotgun"}
			}
		},
		{
			"from": [12.5, 5.375, 7.9375],
			"to": [13.8125, 5.625, 8.1475],
			"rotation": {"angle": -22.5, "axis": "z", "origin": [12.5, 5.625, 7.9375]},
			"faces": {
				"north": {"uv": [13, 9.5, 8.1875, 10.6875], "texture": "#shotgun"},
				"east": {"uv": [9.125, 0, 10, 1.125], "texture": "#shotgun"},
				"south": {"uv": [8.1875, 9.5, 13, 10.6875], "texture": "#shotgun"},
				"west": {"uv": [9.125, 0, 10, 1.125], "texture": "#shotgun"},
				"up": {"uv": [9.1875, 0, 9.8125, 0.875], "texture": "#shotgun"},
				"down": {"uv": [9.1875, 0, 9.8125, 0.875], "texture": "#shotgun"}
			}
		},
		{
			"from": [12.0625, 5.8125, 7.94],
			"to": [14.0625, 6.0625, 8.13],
			"rotation": {"angle": -22.5, "axis": "z", "origin": [12.0625, 6.0625, 7.94]},
			"faces": {
				"north": {"uv": [7.375, 8.875, 0, 10], "texture": "#shotgun"},
				"east": {"uv": [8.875, 0.25, 9.75, 1.375], "texture": "#shotgun"},
				"south": {"uv": [0, 8.875, 7.375, 10], "texture": "#shotgun"},
				"west": {"uv": [8.875, 0.25, 9.75, 1.375], "texture": "#shotgun"},
				"up": {"uv": [1.25, 3.25, 12.5625, 4.125], "texture": "#shotgun"},
				"down": {"uv": [1.25, 3.25, 12.5625, 4.125], "texture": "#shotgun"}
			}
		},
		{
			"from": [12.5, 4.875, 7.8125],
			"to": [12.75, 5.4375, 8.3125],
			"rotation": {"angle": -45, "axis": "z", "origin": [12.5, 5.4375, 7.8125]},
			"faces": {
				"north": {"uv": [15.375, 0, 16, 1.125], "texture": "#shotgun"},
				"east": {"uv": [15.125, 0, 16, 1.125], "texture": "#shotgun"},
				"south": {"uv": [15.375, 0, 16, 1.125], "texture": "#shotgun"},
				"west": {"uv": [15.125, 0, 16, 1.125], "texture": "#shotgun"},
				"up": {"uv": [15.375, 0, 16, 0.875], "texture": "#shotgun"},
				"down": {"uv": [15.375, 0, 16, 0.875], "texture": "#shotgun"}
			}
		},
		{
			"from": [0.875, 5.375, 7.875],
			"to": [6.25, 5.8125, 8.25],
			"faces": {
				"north": {"uv": [10.0625, 0, 10.8125, 1.5], "texture": "#shotgun"},
				"east": {"uv": [10.1875, 0, 10.8125, 1.5625], "texture": "#shotgun"},
				"south": {"uv": [10.0625, 0, 10.8125, 1.5], "texture": "#shotgun"},
				"west": {"uv": [10.1875, 0, 10.8125, 1.5625], "texture": "#shotgun"},
				"up": {"uv": [10.125, 0, 10.8125, 1.5625], "texture": "#shotgun"},
				"down": {"uv": [10.125, 0, 10.8125, 1.5625], "texture": "#shotgun"}
			}
		},
		{
			"from": [2.3125, 5.3125, 7.8125],
			"to": [3.25, 5.875, 8.3125],
			"faces": {
				"north": {"uv": [11.0625, 0, 16, 1.625], "texture": "#shotgun"},
				"east": {"uv": [11.125, 0, 16, 1.6875], "texture": "#shotgun"},
				"south": {"uv": [11.0625, 0, 16, 1.625], "texture": "#shotgun"},
				"west": {"uv": [11.125, 0, 16, 1.6875], "texture": "#shotgun"},
				"up": {"uv": [11.125, 0, 16, 1.625], "texture": "#shotgun"},
				"down": {"uv": [11.125, 0, 16, 1.625], "texture": "#shotgun"}
			}
		},
		{
			"from": [1.25, 5.3125, 7.8125],
			"to": [1.6875, 5.875, 8.3125],
			"faces": {
				"north": {"uv": [11.1875, 0, 16, 1.625], "texture": "#shotgun"},
				"east": {"uv": [11.1875, 0, 16, 1.625], "texture": "#shotgun"},
				"south": {"uv": [11.1875, 0, 16, 1.625], "texture": "#shotgun"},
				"west": {"uv": [11.1875, 0, 16, 1.625], "texture": "#shotgun"},
				"up": {"uv": [11.0625, 0, 16, 1.625], "texture": "#shotgun"},
				"down": {"uv": [11.0625, 0, 16, 1.625], "texture": "#shotgun"}
			}
		},
		{
			"from": [1.25, 5.625, 8],
			"to": [1.6875, 6.1875, 8.125],
			"faces": {
				"north": {"uv": [11.1875, 0, 16, 1.5625], "texture": "#shotgun"},
				"east": {"uv": [11.1875, 0, 16, 1.625], "texture": "#shotgun"},
				"south": {"uv": [11.1875, 0, 16, 1.5625], "texture": "#shotgun"},
				"west": {"uv": [11.1875, 0, 16, 1.625], "texture": "#shotgun"},
				"up": {"uv": [11.1875, 0, 16, 1.625], "texture": "#shotgun"},
				"down": {"uv": [11.1875, 0, 16, 1.625], "texture": "#shotgun"}
			}
		},
		{
			"from": [1.125, 6.1875, 8],
			"to": [1.5625, 6.25, 8.125],
			"rotation": {"angle": 45, "axis": "z", "origin": [1.125, 6.25, 8]},
			"faces": {
				"north": {"uv": [11.1875, 0, 16, 1.6875], "texture": "#shotgun"},
				"east": {"uv": [11.0625, 0, 16, 1.75], "texture": "#shotgun"},
				"south": {"uv": [11.1875, 0, 16, 1.6875], "texture": "#shotgun"},
				"west": {"uv": [11.0625, 0, 16, 1.75], "texture": "#shotgun"},
				"up": {"uv": [11.125, 0, 16, 1.625], "texture": "#shotgun"},
				"down": {"uv": [11.125, 0, 16, 1.625], "texture": "#shotgun"}
			}
		},
		{
			"from": [1.4375, 6.5, 8],
			"to": [1.875, 6.5625, 8.125],
			"rotation": {"angle": -45, "axis": "z", "origin": [1.4375, 6.5625, 8]},
			"faces": {
				"north": {"uv": [11.125, 0, 16, 1.625], "texture": "#shotgun"},
				"east": {"uv": [11.125, 0, 16, 1.6875], "texture": "#shotgun"},
				"south": {"uv": [11.125, 0, 16, 1.625], "texture": "#shotgun"},
				"west": {"uv": [11.125, 0, 16, 1.6875], "texture": "#shotgun"},
				"up": {"uv": [11.125, 0, 16, 1.6875], "texture": "#shotgun"},
				"down": {"uv": [11.125, 0, 16, 1.6875], "texture": "#shotgun"}
			}
		},
		{
			"from": [1.375, 6.4375, 8],
			"to": [1.5, 6.5, 8.125],
			"faces": {
				"north": {"uv": [14.5, 9.3125, 14.75, 9.875], "texture": "#shotgun"},
				"east": {"uv": [7.875, 9.3125, 8, 9.875], "texture": "#shotgun"},
				"south": {"uv": [1.25, 9.3125, 1.5, 9.875], "texture": "#shotgun"},
				"west": {"uv": [8, 9.3125, 8.125, 9.875], "texture": "#shotgun"},
				"up": {"uv": [1.25, 8, 1.5, 8.125], "texture": "#shotgun"},
				"down": {"uv": [14.75, 8.125, 14.5, 8], "texture": "#shotgun"}
			}
		},
		{
			"from": [6.375, 5.25, 7.75],
			"to": [9.5, 6.5, 8.375],
			"faces": {
				"north": {"uv": [14, 3.375, 0.4375, 7], "texture": "#shotgun"},
				"east": {"uv": [9.3125, 0.125, 9.9375, 1.375], "texture": "#shotgun"},
				"south": {"uv": [0.4375, 3.375, 14, 7], "texture": "#shotgun"},
				"west": {"uv": [9.3125, 0.125, 9.9375, 1.375], "texture": "#shotgun"},
				"up": {"uv": [2.375, 4.875, 9.75, 6.5625], "texture": "#shotgun"},
				"down": {"uv": [2.375, 4.875, 9.75, 6.5625], "texture": "#shotgun"}
			}
		},
		{
			"from": [8.6875, 6.375, 7.8125],
			"to": [9.375, 6.625, 8.3125],
			"faces": {
				"north": {"uv": [1.625, 14.5, 2, 14.75], "texture": "#shotgun"},
				"east": {"uv": [11.1875, 0, 11.6875, 0.5], "texture": "#shotgun"},
				"south": {"uv": [1.625, 14.5, 2, 14.75], "texture": "#shotgun"},
				"west": {"uv": [11.1875, 0, 11.6875, 0.5], "texture": "#shotgun"},
				"up": {"uv": [11.25, 0, 11.75, 0.5], "texture": "#shotgun"},
				"down": {"uv": [11.25, 0, 11.75, 0.5], "texture": "#shotgun"}
			}
		},
		{
			"from": [9.3125, 6.375, 7.8125],
			"to": [9.5, 6.8125, 8.3125],
			"faces": {
				"north": {"uv": [1.625, 14.5, 2, 14.75], "texture": "#shotgun"},
				"east": {"uv": [11.1875, 0, 11.6875, 0.5], "texture": "#shotgun"},
				"south": {"uv": [1.625, 14.5, 2, 14.75], "texture": "#shotgun"},
				"west": {"uv": [11.1875, 0, 11.6875, 0.5], "texture": "#shotgun"},
				"up": {"uv": [11.25, 0, 11.75, 0.5], "texture": "#shotgun"},
				"down": {"uv": [11.25, 0, 11.75, 0.5], "texture": "#shotgun"}
			}
		},
		{
			"from": [8.75, 4.865, 8],
			"to": [10.125, 4.9275, 8.125],
			"faces": {
				"north": {"uv": [1.625, 14.5, 2, 14.75], "texture": "#shotgun"},
				"east": {"uv": [9.4375, 0, 9.9375, 0.5], "texture": "#shotgun"},
				"south": {"uv": [1.625, 14.5, 2, 14.75], "texture": "#shotgun"},
				"west": {"uv": [9.4375, 0, 9.9375, 0.5], "texture": "#shotgun"},
				"up": {"uv": [9.5, 0, 10, 0.5], "texture": "#shotgun"},
				"down": {"uv": [9.5, 0, 10, 0.5], "texture": "#shotgun"}
			}
		},
		{
			"from": [8.25, 5.375, 8],
			"to": [9, 5.4375, 8.125],
			"rotation": {"angle": -45, "axis": "z", "origin": [8.25, 5.4375, 8]},
			"faces": {
				"north": {"uv": [1.625, 14.5, 2, 14.75], "texture": "#shotgun"},
				"east": {"uv": [9.4375, 0, 9.9375, 0.5], "texture": "#shotgun"},
				"south": {"uv": [1.625, 14.5, 2, 14.75], "texture": "#shotgun"},
				"west": {"uv": [9.4375, 0, 9.9375, 0.5], "texture": "#shotgun"},
				"up": {"uv": [9.5, 0, 10, 0.5], "texture": "#shotgun"},
				"down": {"uv": [9.5, 0, 10, 0.5], "texture": "#shotgun"}
			}
		},
		{
			"from": [9.1875, 4.9375, 8],
			"to": [9.25, 5.625, 8.125],
			"rotation": {"angle": -22.5, "axis": "z", "origin": [9.1875, 5.625, 8]},
			"faces": {
				"north": {"uv": [1.75, 14.4375, 1.875, 14.75], "texture": "#shotgun"},
				"east": {"uv": [1.875, 14.625, 2.0625, 14.875], "texture": "#shotgun"},
				"south": {"uv": [1.75, 14.4375, 1.875, 14.75], "texture": "#shotgun"},
				"west": {"uv": [1.875, 14.625, 2.0625, 14.875], "texture": "#shotgun"},
				"up": {"uv": [1.6875, 14.5625, 2, 14.75], "texture": "#shotgun"},
				"down": {"uv": [1.6875, 14.5625, 2, 14.75], "texture": "#shotgun"}
			}
		},
		{
			"from": [9.125, 4.875, 8],
			"to": [9.5625, 5.5, 8.125],
			"faces": {
				"north": {"uv": [14, 14, 14.6875, 14.5], "texture": "#shotgun"},
				"east": {"uv": [9.4375, 0, 9.9375, 0.5], "texture": "#shotgun"},
				"south": {"uv": [14, 14, 14.6875, 14.5], "texture": "#shotgun"},
				"west": {"uv": [9.4375, 0, 9.9375, 0.5], "texture": "#shotgun"},
				"up": {"uv": [14.0625, 14, 14.75, 14.6875], "texture": "#shotgun"},
				"down": {"uv": [14.0625, 14, 14.75, 14.6875], "texture": "#shotgun"}
			}
		},
		{
			"from": [7.5625, 6.3125, 7.8125],
			"to": [7.75, 6.5625, 8.3125],
			"faces": {
				"north": {"uv": [11.3125, 0, 16, 1.6875], "texture": "#shotgun"},
				"east": {"uv": [11.1875, 0, 16, 1.625], "texture": "#shotgun"},
				"south": {"uv": [11.3125, 0, 16, 1.6875], "texture": "#shotgun"},
				"west": {"uv": [11.1875, 0, 16, 1.625], "texture": "#shotgun"},
				"up": {"uv": [11.3125, 0, 16, 1.5625], "texture": "#shotgun"},
				"down": {"uv": [11.3125, 0, 16, 1.5625], "texture": "#shotgun"}
			}
		},
		{
			"from": [8.3125, 6.3125, 7.8125],
			"to": [8.5, 6.5625, 8.3125],
			"faces": {
				"north": {"uv": [11.3125, 0, 16, 1.6875], "texture": "#shotgun"},
				"east": {"uv": [11.1875, 0, 16, 1.625], "texture": "#shotgun"},
				"south": {"uv": [11.3125, 0, 16, 1.6875], "texture": "#shotgun"},
				"west": {"uv": [11.1875, 0, 16, 1.625], "texture": "#shotgun"},
				"up": {"uv": [11.3125, 0, 16, 1.5625], "texture": "#shotgun"},
				"down": {"uv": [11.3125, 0, 16, 1.5625], "texture": "#shotgun"}
			}
		},
		{
			"from": [7.9375, 6.3125, 7.8125],
			"to": [8.125, 6.5625, 8.3125],
			"faces": {
				"north": {"uv": [11.3125, 0, 16, 1.6875], "texture": "#shotgun"},
				"east": {"uv": [11.1875, 0, 16, 1.625], "texture": "#shotgun"},
				"south": {"uv": [11.3125, 0, 16, 1.6875], "texture": "#shotgun"},
				"west": {"uv": [11.1875, 0, 16, 1.625], "texture": "#shotgun"},
				"up": {"uv": [11.3125, 0, 16, 1.5625], "texture": "#shotgun"},
				"down": {"uv": [11.3125, 0, 16, 1.5625], "texture": "#shotgun"}
			}
		},
		{
			"from": [6.4375, 6.3125, 7.8125],
			"to": [6.625, 6.5625, 8.3125],
			"faces": {
				"north": {"uv": [11.3125, 0, 16, 1.6875], "texture": "#shotgun"},
				"east": {"uv": [11.1875, 0, 16, 1.625], "texture": "#shotgun"},
				"south": {"uv": [11.3125, 0, 16, 1.6875], "texture": "#shotgun"},
				"west": {"uv": [11.1875, 0, 16, 1.625], "texture": "#shotgun"},
				"up": {"uv": [11.3125, 0, 16, 1.5625], "texture": "#shotgun"},
				"down": {"uv": [11.3125, 0, 16, 1.5625], "texture": "#shotgun"}
			}
		},
		{
			"from": [7.1875, 6.3125, 7.8125],
			"to": [7.375, 6.5625, 8.3125],
			"faces": {
				"north": {"uv": [11.3125, 0, 16, 1.6875], "texture": "#shotgun"},
				"east": {"uv": [11.1875, 0, 16, 1.625], "texture": "#shotgun"},
				"south": {"uv": [11.3125, 0, 16, 1.6875], "texture": "#shotgun"},
				"west": {"uv": [11.1875, 0, 16, 1.625], "texture": "#shotgun"},
				"up": {"uv": [11.3125, 0, 16, 1.5625], "texture": "#shotgun"},
				"down": {"uv": [11.3125, 0, 16, 1.5625], "texture": "#shotgun"}
			}
		},
		{
			"from": [6.8125, 6.3125, 7.8125],
			"to": [7, 6.5625, 8.3125],
			"faces": {
				"north": {"uv": [11.3125, 0, 16, 1.6875], "texture": "#shotgun"},
				"east": {"uv": [11.1875, 0, 16, 1.625], "texture": "#shotgun"},
				"south": {"uv": [11.3125, 0, 16, 1.6875], "texture": "#shotgun"},
				"west": {"uv": [11.1875, 0, 16, 1.625], "texture": "#shotgun"},
				"up": {"uv": [11.3125, 0, 16, 1.5625], "texture": "#shotgun"},
				"down": {"uv": [11.3125, 0, 16, 1.5625], "texture": "#shotgun"}
			}
		}
	],
	"display": {
		"thirdperson_righthand": {
			"rotation": [74, -90, 80],
			"translation": [0, 3.75, -2.75],
			"scale": [1.2, 1.2, 1.2]
		},
		"thirdperson_lefthand": {
			"rotation": [74, 90, -80],
			"translation": [0, 2.75, -2.25]
		},
		"firstperson_righthand": {
			"rotation": [0, -90, 0],
			"translation": [1.25, 5, 0.5]
		},
		"firstperson_lefthand": {
			"rotation": [0, 90, 2],
			"translation": [0, 5, 0]
		},
		"ground": {
			"translation": [0, 5.5, 0],
			"scale": [2, 2, 2]
		},
		"gui": {
			"rotation": [-13, 170, -23],
			"translation": [-1.75, 4.2, -1.1],
			"scale": [2, 2, 2]
		},
		"head": {
			"translation": [0, 12.25, 0]
		},
		"fixed": {
			"rotation": [0, 0, -16],
			"translation": [0.9, 3.2, -0.5],
			"scale": [2.5, 2.5, 2.5]
		}
	}
}