{
	"credit": "quiktori",
	"textures": {
		"awp": "items/awp"
	},
        "overrides": [
        {"predicate": {"damage": 0.03},"model": "item/awp1"},
        {"predicate": {"damage": 0.06},"model": "item/awp2"},
        {"predicate": {"damage": 0.09},"model": "item/awp3"}
        ],
	"elements": [
		{
			"from": [7, 5, 10.5],
			"to": [8, 5.5, 12.5],
			"faces": {
				"north": {"uv": [0.5, 9, 0, 9.5], "texture": "#awp"},
				"east": {"uv": [10.5, 11.5, 12, 12.5], "texture": "#awp"},
				"south": {"uv": [9.5, 11.5, 10, 12], "texture": "#awp"},
				"west": {"uv": [12, 12.5, 10.5, 11.5], "texture": "#awp"},
				"up": {"uv": [14, 12.5, 15.5, 13.5], "texture": "#awp"},
				"down": {"uv": [14, 13.5, 15.5, 12.5], "texture": "#awp"}
			}
		},
		{
			"from": [7, 5.5, 12],
			"to": [8, 6, 13],
			"faces": {
				"north": {"uv": [8.5, 12, 9, 12.5], "texture": "#awp"},
				"east": {"uv": [9, 11.5, 9.5, 12], "texture": "#awp"},
				"south": {"uv": [9, 11.5, 9.5, 12], "texture": "#awp"},
				"west": {"uv": [9, 11.5, 9.5, 12], "texture": "#awp"},
				"up": {"uv": [10, 11.5, 10.5, 12], "texture": "#awp"},
				"down": {"uv": [10.5, 12, 10, 11.5], "texture": "#awp"}
			}
		},
		{
			"from": [7, 6, 14],
			"to": [8, 8, 15],
			"faces": {
				"east": {"uv": [6, 12.5, 6.5, 13], "texture": "#awp"},
				"south": {"uv": [13.5, 11, 14, 11.5], "texture": "#awp"},
				"west": {"uv": [6, 12.5, 6.5, 13], "texture": "#awp"},
				"down": {"uv": [2.5, 9, 2, 8.5], "texture": "#awp"}
			}
		},
		{
			"from": [7, 6, 12.5],
			"to": [8, 8, 14],
			"faces": {
				"north": {"uv": [9, 11.5, 8.5, 12], "texture": "#awp"},
				"east": {"uv": [7.5, 11.5, 8, 12], "texture": "#awp"},
				"south": {"uv": [7.5, 12, 8, 12.5], "texture": "#awp"},
				"west": {"uv": [7.5, 11.5, 8, 12], "texture": "#awp"},
				"up": {"uv": [13.5, 11, 14, 11.5], "texture": "#awp"},
				"down": {"uv": [2.5, 8.5, 2, 8], "texture": "#awp"}
			}
		},
		{
			"from": [7, 5.47, 14.5625],
			"to": [8.01, 8.5, 19.1075],
			"faces": {
				"north": {"uv": [8.0625, 7.5, 7.0625, 10.5], "texture": "#awp"},
				"east": {"uv": [0, 11.5, 7.5, 16], "texture": "#awp"},
				"south": {"uv": [7.0625, 7.5, 8.0625, 10.5], "texture": "#awp"},
				"west": {"uv": [7.5, 11.5, 0, 16], "texture": "#awp"},
				"up": {"uv": [10.5, 9.5, 11.5, 11], "texture": "#awp"},
				"down": {"uv": [2.5, 10, 2, 9.5], "texture": "#awp"}
			}
		},
		{
			"from": [7, 5.5, 9.5],
			"to": [8, 6, 11],
			"faces": {
				"east": {"uv": [0, 8, 0.5, 8.5], "texture": "#awp"},
				"south": {"uv": [0, 8.5, 0.5, 9], "texture": "#awp"},
				"west": {"uv": [0, 9, 0.5, 9.5], "texture": "#awp"},
				"down": {"uv": [0.5, 9, 0, 8.5], "texture": "#awp"}
			}
		},
		{
			"from": [7, 6, 10],
			"to": [8, 7, 11],
			"faces": {
				"north": {"uv": [0, 9, 0.5, 9.5], "texture": "#awp"},
				"east": {"uv": [0, 8.5, 0.5, 9], "texture": "#awp"},
				"south": {"uv": [0, 8.5, 0.5, 9], "texture": "#awp"},
				"west": {"uv": [0, 8.5, 0.5, 9], "texture": "#awp"}
			}
		},
		{
			"from": [7, 7, 11],
			"to": [8, 8.5, 13],
			"faces": {
				"east": {"uv": [5, 12.5, 7, 14], "texture": "#awp"},
				"south": {"uv": [7, 7.5, 8, 9], "texture": "#awp"},
				"west": {"uv": [5, 12.5, 7, 14], "texture": "#awp"},
				"up": {"uv": [5.5, 12, 6.5, 14], "texture": "#awp"},
				"down": {"uv": [6, 11.5, 7, 13.5], "texture": "#awp"}
			}
		},
		{
			"from": [6.5625, 7, 4],
			"to": [8.5625, 9, 11],
			"faces": {
				"north": {"uv": [0, 9.5, 0.5, 10], "texture": "#awp"},
				"east": {"uv": [5, 6.5, 14.5, 9], "texture": "#awp"},
				"south": {"uv": [3.5, 13, 4, 13.5], "texture": "#awp"},
				"west": {"uv": [14.5, 6.5, 5, 9], "texture": "#awp"},
				"up": {"uv": [4, 12, 4.5, 12.5], "texture": "#awp"},
				"down": {"uv": [8, 12, 9.5, 11], "texture": "#awp"}
			}
		},
		{
			"from": [7, 8.5, -14],
			"to": [8, 9.5, 5],
			"faces": {
				"north": {"uv": [0, 8.5, 0.5, 9], "texture": "#awp"},
				"east": {"uv": [3.5, 9, 16, 10], "texture": "#awp"},
				"south": {"uv": [1.5, 10, 2, 10.5], "texture": "#awp"},
				"west": {"uv": [16, 9, 3.5, 10], "texture": "#awp"},
				"up": {"uv": [16, 9, 15.5, 0], "texture": "#awp"},
				"down": {"uv": [15.5, 0, 16, 9], "texture": "#awp"}
			}
		},
		{
			"from": [6.0625, 7, -7],
			"to": [6.5625, 7.5, -1],
			"faces": {
				"north": {"uv": [2, 8.5, 2.5, 9], "texture": "#awp"},
				"east": {"uv": [8.5, 10, 3.5, 10], "texture": "#awp"},
				"south": {"uv": [2, 9, 2.5, 9.5], "texture": "#awp"},
				"west": {"uv": [3, 10, 8.5, 10], "texture": "#awp"},
				"up": {"uv": [5, 8, 5, 2], "texture": "#awp"},
				"down": {"uv": [5, 2, 5, 8], "texture": "#awp"}
			}
		},
		{
			"from": [8.5, 7, -7],
			"to": [9, 7.5, -1],
			"faces": {
				"north": {"uv": [2, 10, 2.5, 10.5], "texture": "#awp"},
				"east": {"uv": [8.5, 10, 3, 10], "texture": "#awp"},
				"south": {"uv": [2, 9, 2.5, 9.5], "texture": "#awp"},
				"west": {"uv": [3, 10, 8.5, 10], "texture": "#awp"},
				"up": {"uv": [5, 8, 5, 2], "texture": "#awp"},
				"down": {"uv": [5, 2, 5, 8], "texture": "#awp"}
			}
		},
		{
			"from": [7, 9, 4.5],
			"to": [8, 10, 10],
			"faces": {
				"north": {"uv": [10.5, 3.5, 10, 3], "texture": "#awp"},
				"east": {"uv": [9.5, 2.5, 15, 3.5], "texture": "#awp"},
				"south": {"uv": [1.5, 8, 2, 8.5], "texture": "#awp"},
				"west": {"uv": [15, 2.5, 9.5, 3.5], "texture": "#awp"},
				"up": {"uv": [7.5, 6, 9, 0], "texture": "#awp"}
			}
		},
		{
			"from": [6.5, 9, 7.5],
			"to": [7, 9.5, 9],
			"faces": {
				"north": {"uv": [1.5, 11.5, 2, 12], "texture": "#awp"},
				"south": {"uv": [1.5, 11.5, 2, 12], "texture": "#awp"},
				"west": {"uv": [9.5, 5.5, 10.5, 6], "texture": "#awp"},
				"up": {"uv": [2, 11.5, 2.5, 12], "texture": "#awp"},
				"down": {"uv": [2, 12.5, 1.5, 12], "texture": "#awp"}
			}
		},
		{
			"from": [6.5, 9, 4.5],
			"to": [7, 9.5, 6.5],
			"faces": {
				"north": {"uv": [1.5, 11.5, 2, 12], "texture": "#awp"},
				"south": {"uv": [2, 11.5, 2.5, 12], "texture": "#awp"},
				"west": {"uv": [1.5, 11.5, 2, 12], "texture": "#awp"},
				"up": {"uv": [2, 11.5, 2.5, 12], "texture": "#awp"},
				"down": {"uv": [2, 12, 1.5, 11.5], "texture": "#awp"}
			}
		},
		{
			"from": [6.5, 9.5, 5],
			"to": [8.5, 10.5, 5.5],
			"faces": {
				"north": {"uv": [2, 10, 2.5, 10.5], "texture": "#awp"},
				"east": {"uv": [2, 10, 2.5, 10.5], "texture": "#awp"},
				"south": {"uv": [1.5, 10, 2, 10.5], "texture": "#awp"},
				"west": {"uv": [2, 10, 2.5, 10.5], "texture": "#awp"},
				"up": {"uv": [2, 10, 2.5, 10.5], "texture": "#awp"},
				"down": {"uv": [2, 10.5, 1.5, 10], "texture": "#awp"}
			}
		},
		{
			"from": [8, 9, 4.5],
			"to": [8.5, 9.5, 6.5],
			"faces": {
				"north": {"uv": [1.5, 11.5, 2, 12], "texture": "#awp"},
				"east": {"uv": [1.5, 12, 2, 12.5], "texture": "#awp"},
				"south": {"uv": [2, 11.5, 2.5, 12], "texture": "#awp"},
				"west": {"uv": [1.5, 11.5, 2, 12], "texture": "#awp"},
				"up": {"uv": [2, 11.5, 2.5, 12], "texture": "#awp"}
			}
		},
		{
			"from": [8, 9, 7.5],
			"to": [8.5, 9.5, 9],
			"faces": {
				"north": {"uv": [1.5, 11.5, 2, 12], "texture": "#awp"},
				"east": {"uv": [9.5, 5.5, 10.5, 6], "texture": "#awp"},
				"south": {"uv": [1.5, 11.5, 2, 12], "texture": "#awp"},
				"west": {"uv": [9.5, 5.5, 10.5, 6], "texture": "#awp"},
				"up": {"uv": [1.5, 11.5, 2, 12], "texture": "#awp"}
			}
		},
		{
			"from": [6.5, 9.5, 8],
			"to": [8.5, 10.5, 8.5],
			"faces": {
				"north": {"uv": [2, 10, 2.5, 10.5], "texture": "#awp"},
				"east": {"uv": [2, 10, 2.5, 10.5], "texture": "#awp"},
				"south": {"uv": [1.5, 10, 2, 10.5], "texture": "#awp"},
				"west": {"uv": [1.5, 10, 2, 10.5], "texture": "#awp"},
				"up": {"uv": [1.5, 10, 2, 10.5], "texture": "#awp"},
				"down": {"uv": [2, 10, 1.5, 10.5], "texture": "#awp"}
			}
		},
		{
			"from": [7, 10.5, 5],
			"to": [8, 11, 5.5],
			"faces": {
				"north": {"uv": [2, 10, 2.5, 10.5], "texture": "#awp"},
				"east": {"uv": [1.5, 10, 2, 10.5], "texture": "#awp"},
				"south": {"uv": [1.5, 10, 2, 10.5], "texture": "#awp"},
				"west": {"uv": [2, 10, 2.5, 10.5], "texture": "#awp"}
			}
		},
		{
			"from": [7, 10.5, 8],
			"to": [8, 11, 8.5],
			"faces": {
				"north": {"uv": [2, 10.5, 2.5, 11], "texture": "#awp"},
				"east": {"uv": [1.5, 10.5, 2, 11], "texture": "#awp"},
				"south": {"uv": [1.5, 10, 2, 10.5], "rotation": 180, "texture": "#awp"},
				"west": {"uv": [2, 10, 2.5, 10.5], "texture": "#awp"}
			}
		},
		{
			"from": [7, 11, 4.5],
			"to": [8, 12, 9.5],
			"faces": {
				"east": {"uv": [8, 13, 16, 14.5], "texture": "#awp"},
				"south": {"uv": [5.5, 2, 7, 3.5], "texture": "#awp"},
				"west": {"uv": [16, 14.5, 8, 13], "texture": "#awp"},
				"up": {"uv": [3.5, 9, 5, 1.5], "texture": "#awp"},
				"down": {"uv": [3.5, 1.5, 5, 9], "texture": "#awp"}
			}
		},
		{
			"from": [6.5, 10.5, 3],
			"to": [8.5, 12.5, 4.5],
			"faces": {
				"north": {"uv": [5.5, 3.5, 7, 5], "texture": "#awp"},
				"east": {"uv": [0, 8.5, 0, 8.5], "texture": "#awp"},
				"south": {"uv": [0, 8, 0.5, 8.5], "texture": "#awp"},
				"west": {"uv": [0, 8, 0, 8.5], "texture": "#awp"},
				"up": {"uv": [0, 8, 0, 8], "texture": "#awp"},
				"down": {"uv": [0, 8, 0, 8], "texture": "#awp"}
			}
		},
		{
			"from": [6.5, 11, 5],
			"to": [8.5, 12.5, 5.5],
			"faces": {
				"north": {"uv": [2, 10, 2.5, 10.5], "texture": "#awp"},
				"east": {"uv": [1.5, 10, 2, 10.5], "texture": "#awp"},
				"south": {"uv": [1.5, 10, 2, 10.5], "texture": "#awp"},
				"west": {"uv": [2, 10, 2.5, 10.5], "texture": "#awp"},
				"up": {"uv": [2, 10, 2.5, 10.5], "texture": "#awp"},
				"down": {"uv": [2, 10.5, 1.5, 10], "texture": "#awp"}
			}
		},
		{
			"from": [6.5, 11, 8],
			"to": [8.5, 12.5, 8.5],
			"faces": {
				"north": {"uv": [1.5, 10, 2, 10.5], "texture": "#awp"},
				"east": {"uv": [1.5, 10, 2, 10.5], "texture": "#awp"},
				"south": {"uv": [2, 10, 2.5, 10.5], "texture": "#awp"},
				"west": {"uv": [2, 10, 2.5, 10.5], "texture": "#awp"},
				"up": {"uv": [1.5, 10, 2, 10.5], "texture": "#awp"},
				"down": {"uv": [2, 10.5, 1.5, 10], "texture": "#awp"}
			}
		},
		{
			"from": [7, 12, 6],
			"to": [8, 12.5, 7],
			"faces": {
				"north": {"uv": [1, 3, 2.5, 4.5], "texture": "#awp"},
				"east": {"uv": [1.5, 8, 2, 8.5], "texture": "#awp"},
				"south": {"uv": [1, 2.5, 2.5, 4], "texture": "#awp"},
				"west": {"uv": [1, 2.5, 2.5, 4], "texture": "#awp"},
				"up": {"uv": [5.5, 0, 7, 1.5], "texture": "#awp"}
			}
		},
		{
			"from": [7, 6.5, 5],
			"to": [8, 7.5, 7.5],
			"faces": {
				"north": {"uv": [14, 10, 14.5, 11.5], "texture": "#awp"},
				"east": {"uv": [14, 10, 16, 11.5], "texture": "#awp"},
				"south": {"uv": [14, 10, 14.5, 11.5], "texture": "#awp"},
				"west": {"uv": [14, 10, 16, 11.5], "texture": "#awp"},
				"up": {"uv": [2, 10.5, 2.5, 11], "texture": "#awp"},
				"down": {"uv": [0.5, 9, 0, 8.5], "texture": "#awp"}
			}
		},
		{
			"from": [6.5, 7, -2.5],
			"to": [8.5, 7.5, -1],
			"faces": {
				"north": {"uv": [1.5, 10.5, 2, 11], "texture": "#awp"},
				"south": {"uv": [1.5, 10, 2, 10.5], "texture": "#awp"},
				"west": {"uv": [1.5, 10, 2, 10.5], "texture": "#awp"},
				"down": {"uv": [2.5, 10, 2, 10.5], "texture": "#awp"}
			}
		},
		{
			"from": [7, 6, 8],
			"to": [8, 7, 9],
			"faces": {
				"north": {"uv": [1.5, 11.5, 2, 12], "texture": "#awp"},
				"east": {"uv": [4, 0, 5, 1], "texture": "#awp"},
				"south": {"uv": [13.5, 11, 14, 11.5], "texture": "#awp"},
				"west": {"uv": [5, 0, 4, 1], "texture": "#awp"},
				"down": {"uv": [14, 11.5, 13.5, 11], "texture": "#awp"}
			}
		},
		{
			"from": [7, 5.5, 8.5],
			"to": [8, 6.5, 9.5],
			"faces": {
				"north": {"uv": [0, 9, 0.5, 9.5], "texture": "#awp"},
				"east": {"uv": [0, 7.5, 0.5, 8], "texture": "#awp"},
				"south": {"uv": [0, 9, 0.5, 9.5], "texture": "#awp"},
				"west": {"uv": [0, 9, 0.5, 9.5], "texture": "#awp"},
				"up": {"uv": [0, 8, 0.5, 8.5], "texture": "#awp"},
				"down": {"uv": [0.5, 8.5, 0, 8], "texture": "#awp"}
			}
		},
		{
			"from": [6.5, 11, 6.5],
			"to": [7, 12, 7.5],
			"faces": {
				"north": {"uv": [2, 8, 2.5, 8.5], "texture": "#awp"},
				"south": {"uv": [1.5, 8, 2, 8.5], "texture": "#awp"},
				"west": {"uv": [5.5, 0, 7, 1.5], "texture": "#awp"},
				"up": {"uv": [2, 8, 2.5, 8.5], "texture": "#awp"},
				"down": {"uv": [2, 8.5, 2.5, 8], "texture": "#awp"}
			}
		},
		{
			"from": [6.5, 7.5, -2.5],
			"to": [8.5, 9, 4],
			"faces": {
				"north": {"uv": [0, 8.5, 0.5, 9], "texture": "#awp"},
				"east": {"uv": [9.5, 3.5, 15, 5], "texture": "#awp"},
				"south": {"uv": [0, 8, 0.5, 8.5], "texture": "#awp"},
				"west": {"uv": [15, 3.5, 9.5, 5], "texture": "#awp"},
				"up": {"uv": [15, 13, 16, 13.5], "texture": "#awp"},
				"down": {"uv": [8, 10.5, 9, 10], "texture": "#awp"}
			}
		},
		{
			"from": [6.5, 5, 18.5],
			"to": [8.5, 9, 19.5],
			"shade": false,
			"faces": {
				"north": {"uv": [1, 4, 2.5, 5], "texture": "#awp", "cullface": "north"},
				"east": {"uv": [0, 6.5, 3, 11], "texture": "#awp", "cullface": "east"},
				"south": {"uv": [0, 0.5, 2, 1], "texture": "#awp", "cullface": "south"},
				"west": {"uv": [3, 11, 0, 6.5], "texture": "#awp", "cullface": "west"},
				"up": {"uv": [0.5, 3.5, 3, 5.5], "texture": "#awp", "cullface": "up"},
				"down": {"uv": [0.5, 5.5, 3, 3.5], "texture": "#awp", "cullface": "down"}
			}
		},
		{
			"from": [6.5, 5, 16],
			"to": [8.5, 6, 18.5],
			"faces": {
				"north": {"uv": [1, 3, 1.5, 3], "texture": "#awp"},
				"east": {"uv": [10.5, 1.5, 13.5, 2.5], "texture": "#awp"},
				"west": {"uv": [14, 1.5, 10.5, 2.5], "texture": "#awp"},
				"up": {"uv": [0.5, 0, 2.5, 2.5], "texture": "#awp"},
				"down": {"uv": [1, 2.5, 2.5, 4.5], "texture": "#awp"}
			}
		},
		{
			"from": [7.001, 7.4, 11],
			"to": [7.991, 8.885, 19.415],
			"faces": {
				"east": {"uv": [8, 15, 16, 16], "texture": "#awp"},
				"south": {"uv": [2, 11.5, 5, 13], "texture": "#awp"},
				"west": {"uv": [16, 15, 8, 16], "texture": "#awp"},
				"up": {"uv": [8.5, 10.5, 10.5, 12], "texture": "#awp"},
				"down": {"uv": [8.5, 10.5, 10.5, 12], "texture": "#awp"}
			}
		},
		{
			"from": [6.999, 7.5, 11.1],
			"to": [7.999, 8.5, 14.8139],
			"faces": {
				"north": {"uv": [8, 7.5, 9, 8.5], "texture": "#awp"},
				"east": {"uv": [4, 12, 7.5, 13], "texture": "#awp"},
				"south": {"uv": [7, 7.5, 8, 8.5], "texture": "#awp"},
				"west": {"uv": [3.5, 11.5, 7, 12.5], "texture": "#awp"},
				"up": {"uv": [7, 11, 8, 14.5], "texture": "#awp"},
				"down": {"uv": [9, 14.5, 8, 11], "texture": "#awp"}
			}
		}
	],
	"display": {
		"thirdperson_lefthand": {
			"translation": [0, 1, 0],
			"scale": [0.5, 0.5, 0.5]
		},
		"firstperson_righthand": {
			"translation": [2.25, 0.25, 0],
			"scale": [1.3, 1.3, 1.3]
		},
		"ground": {
			"rotation": [0, -180, 0],
			"translation": [-2.8, 0.25, 0]
		},
		"gui": {
			"rotation": [-80, -117, -86],
			"translation": [-2.8, -1.5, 0]
		}
	}
}