{
	"credit": "quiktori",
	"textures": {
		"texture": "items/p90"
	},
        "overrides": [
        {"predicate": {"damage": 0.01},"model": "item/p90v1"},
        {"predicate": {"damage": 0.02},"model": "item/p90v2"},
        {"predicate": {"damage": 0.03},"model": "item/p90v3"},
        {"predicate": {"damage": 0.04},"model": "item/p90v4"},
        {"predicate": {"damage": 0.06},"model": "item/p90v5"}
    ],
	"elements": [
		{
			"from": [2.375, 6.75, 8.125],
			"to": [2.75, 7.125, 8.5],
			"faces": {
				"north": {"uv": [15.625, 15.625, 16, 16], "texture": "#texture"},
				"south": {"uv": [15.625, 15.625, 16, 16], "texture": "#texture"},
				"up": {"uv": [15.625, 15.625, 16, 16], "texture": "#texture"},
				"down": {"uv": [15.625, 15.625, 16, 16], "texture": "#texture"}
			}
		},
		{
			"from": [12.125, 7.25, 8.375],
			"to": [15, 8, 8.75],
			"rotation": {"angle": -22.5, "axis": "x", "origin": [12.125, 8, 8.375]},
			"faces": {
				"north": {"uv": [0.25, 10.625, 6.375, 10.75], "texture": "#texture"},
				"east": {"uv": [2.375, 3.75, 2.75, 4.5], "texture": "#texture"},
				"south": {"uv": [0.25, 10.625, 6.375, 10.75], "texture": "#texture"},
				"west": {"uv": [2.25, 3.375, 2.625, 4.125], "texture": "#texture"},
				"up": {"uv": [0.375, 10.625, 6.375, 10.75], "texture": "#texture"},
				"down": {"uv": [4, 9.375, 1, 9], "texture": "#texture"}
			}
		},
		{
			"from": [10.5625, 5.13875, 7.9225],
			"to": [12.0475, 6.5, 8.78875],
			"faces": {
				"north": {"uv": [11.25, 3, 9.25, 5.125], "texture": "#texture"},
				"east": {"uv": [7.25, 9.5, 8.0625, 10.8125], "texture": "#texture"},
				"south": {"uv": [9.125, 2.875, 11.25, 5], "texture": "#texture"},
				"west": {"uv": [2.625, 3.25, 3.4375, 4.5625], "texture": "#texture"},
				"up": {"uv": [10.5625, 7.875, 12, 8.6875], "texture": "#texture"},
				"down": {"uv": [8, 8.625, 6.5625, 7.8125], "texture": "#texture"}
			}
		},
		{
			"from": [6.75, 5.5, 8],
			"to": [7.625, 6.125, 8.625],
			"faces": {
				"north": {"uv": [14.75, 8.875, 16, 9.5], "texture": "#texture"},
				"east": {"uv": [7.25, 10.625, 8.125, 11.25], "texture": "#texture"},
				"south": {"uv": [14.75, 8.875, 16, 9.5], "texture": "#texture"},
				"west": {"uv": [7.875, 10.625, 8.75, 11.25], "texture": "#texture"},
				"up": {"uv": [9.25, 7.875, 10.5, 8.75], "texture": "#texture"},
				"down": {"uv": [6.75, 8.75, 5.5, 7.875], "texture": "#texture"}
			}
		},
		{
			"from": [8.625, 4.675, 7.875],
			"to": [9.625, 5.375, 8.75],
			"faces": {
				"north": {"uv": [3.625, 3.125, 4.875, 3.75], "texture": "#texture"},
				"east": {"uv": [3.375, 3.25, 4.25, 3.875], "texture": "#texture"},
				"south": {"uv": [3.625, 3.125, 4.875, 3.75], "texture": "#texture"},
				"west": {"uv": [3.375, 3.25, 4.25, 3.875], "texture": "#texture"},
				"up": {"uv": [3.625, 3, 4.875, 3.875], "texture": "#texture"},
				"down": {"uv": [3.625, 3, 4.875, 3.875], "texture": "#texture"}
			}
		},
		{
			"from": [9.375, 4.625, 7.875],
			"to": [10.625, 5.25, 8.75],
			"rotation": {"angle": 22.5, "axis": "z", "origin": [9.375, 5.25, 7.875]},
			"faces": {
				"north": {"uv": [6.875, 3, 3.25, 5.25], "texture": "#texture"},
				"east": {"uv": [7.25, 10.625, 8.125, 11.25], "texture": "#texture"},
				"south": {"uv": [3.125, 3, 6.75, 5], "texture": "#texture"},
				"west": {"uv": [7.875, 10.625, 8.75, 11.25], "texture": "#texture"},
				"up": {"uv": [3.5, 4.125, 2.25, 3.25], "texture": "#texture"},
				"down": {"uv": [9.25, 7.875, 10.5, 8.75], "texture": "#texture"}
			}
		},
		{
			"from": [7.5, 5.25, 7.875],
			"to": [8.5, 6.875, 8.75],
			"faces": {
				"north": {"uv": [2.625, 7.5, 0, 8.5], "texture": "#texture"},
				"east": {"uv": [2.125, 8.125, 2.375, 8.5], "texture": "#texture"},
				"south": {"uv": [0.375, 7.5, 2.625, 8.375], "texture": "#texture"},
				"west": {"uv": [7.875, 10.625, 8.75, 11.25], "texture": "#texture"},
				"up": {"uv": [9.25, 7.875, 10.5, 8.75], "texture": "#texture"},
				"down": {"uv": [6.75, 8.75, 5.5, 7.875], "texture": "#texture"}
			}
		},
		{
			"from": [7.75, 5.125, 7.875],
			"to": [9, 5.75, 8.785],
			"rotation": {"angle": -22.5, "axis": "z", "origin": [7.75, 5.75, 7.875]},
			"faces": {
				"north": {"uv": [2.375, 3, 0, 5], "texture": "#texture"},
				"east": {"uv": [2.375, 3.375, 3.25, 4], "texture": "#texture"},
				"south": {"uv": [0, 3, 2.375, 5], "texture": "#texture"},
				"west": {"uv": [7.25, 10.625, 8.125, 11.25], "texture": "#texture"},
				"up": {"uv": [1.75, 3.875, 3, 4.75], "texture": "#texture"},
				"down": {"uv": [0, 3, 2.375, 4], "texture": "#texture"}
			}
		},
		{
			"from": [2.875, 7.375, 7.75],
			"to": [12.125, 8, 8.875],
			"faces": {
				"north": {"uv": [16, 0.125, 7.5, 0.875], "texture": "#texture"},
				"east": {"uv": [5.75, 0.125, 6.25, 0.75], "texture": "#texture"},
				"south": {"uv": [7.375, 0.125, 16, 0.875], "texture": "#texture"},
				"west": {"uv": [5.75, 0.125, 6.25, 0.75], "texture": "#texture"},
				"up": {"uv": [5.625, 0.125, 6.375, 0.75], "texture": "#texture"},
				"down": {"uv": [5.625, 0.125, 6.375, 0.75], "texture": "#texture"}
			}
		},
		{
			"from": [4.875, 5.125, 7.875],
			"to": [6.125, 5.375, 8.75],
			"faces": {
				"north": {"uv": [14.75, 15.375, 16, 16], "texture": "#texture"},
				"east": {"uv": [15.125, 15.375, 16, 16], "texture": "#texture"},
				"south": {"uv": [14.75, 15.375, 16, 16], "texture": "#texture"},
				"up": {"uv": [9.25, 7.875, 10.5, 8.75], "texture": "#texture"},
				"down": {"uv": [6.75, 8.75, 5.5, 7.875], "texture": "#texture"}
			}
		},
		{
			"from": [5.25, 6.25, 7.9375],
			"to": [6.5, 6.75, 8.6875],
			"faces": {
				"north": {"uv": [12.25, 7.25, 13.5, 7.875], "texture": "#texture"},
				"east": {"uv": [7.25, 10.625, 8.125, 11.25], "texture": "#texture"},
				"south": {"uv": [12.25, 7.25, 13.5, 7.875], "texture": "#texture"},
				"west": {"uv": [7.875, 10.625, 8.75, 11.25], "texture": "#texture"},
				"up": {"uv": [9.25, 7.875, 10.5, 8.75], "texture": "#texture"},
				"down": {"uv": [6.75, 8.75, 5.5, 7.875], "texture": "#texture"}
			}
		},
		{
			"from": [4.625, 4.75, 7.75],
			"to": [5.75, 5.125, 8.875],
			"faces": {
				"north": {"uv": [12.75, 10.375, 7.625, 12.375], "texture": "#texture"},
				"east": {"uv": [7.25, 10.625, 8.125, 11.25], "texture": "#texture"},
				"south": {"uv": [7.25, 10.375, 12.75, 12.375], "texture": "#texture"},
				"west": {"uv": [7.875, 10.625, 8.75, 11.25], "texture": "#texture"},
				"up": {"uv": [9.25, 7.875, 10.5, 8.75], "texture": "#texture"},
				"down": {"uv": [6.75, 8.75, 5.5, 7.875], "texture": "#texture"}
			}
		},
		{
			"from": [3.5, 5.875, 7.875],
			"to": [4.25, 6.125, 8.75],
			"faces": {
				"north": {"uv": [14.25, 8.125, 15.5, 8.75], "texture": "#texture"},
				"east": {"uv": [7.25, 10.625, 8.125, 11.25], "texture": "#texture"},
				"south": {"uv": [14.25, 8.125, 15.5, 8.75], "texture": "#texture"},
				"west": {"uv": [7.875, 10.625, 8.75, 11.25], "texture": "#texture"},
				"down": {"uv": [6.75, 8.75, 5.5, 7.875], "texture": "#texture"}
			}
		},
		{
			"from": [5.875, 5.125, 7.875],
			"to": [7.625, 5.625, 8.75],
			"faces": {
				"north": {"uv": [8.125, 6.75, 4.875, 7.75], "texture": "#texture"},
				"east": {"uv": [7.25, 10.625, 8.125, 11.25], "texture": "#texture"},
				"south": {"uv": [4.875, 6.75, 8.5, 7.75], "texture": "#texture"},
				"west": {"uv": [7.875, 10.625, 8.75, 11.25], "texture": "#texture"},
				"up": {"uv": [9.25, 7.875, 10.5, 8.75], "texture": "#texture"},
				"down": {"uv": [6.75, 8.75, 5.5, 7.875], "texture": "#texture"}
			}
		},
		{
			"from": [4.375, 4.75, 7.75],
			"to": [4.875, 6.375, 8.875],
			"faces": {
				"north": {"uv": [14.75, 15.375, 16, 16], "texture": "#texture"},
				"east": {"uv": [15.125, 15.375, 16, 16], "texture": "#texture"},
				"south": {"uv": [14.75, 15.375, 16, 16], "texture": "#texture"},
				"west": {"uv": [15.125, 15.375, 16, 16], "texture": "#texture"},
				"up": {"uv": [14.75, 15.125, 16, 16], "texture": "#texture"},
				"down": {"uv": [14.75, 15.125, 16, 16], "texture": "#texture"}
			}
		},
		{
			"from": [6.125, 5.375, 8.1875],
			"to": [7, 6.625, 8.4375],
			"faces": {
				"north": {"uv": [5.125, 7.75, 4.25, 8.875], "texture": "#texture"},
				"east": {"uv": [7.25, 10.625, 8.125, 11.25], "texture": "#texture"},
				"south": {"uv": [4.125, 7.75, 5.25, 8.875], "texture": "#texture"},
				"west": {"uv": [4.5, 11.5, 5.375, 12.125], "texture": "#texture"},
				"up": {"uv": [9.25, 7.875, 10.5, 8.75], "texture": "#texture"},
				"down": {"uv": [6.75, 8.75, 5.5, 7.875], "texture": "#texture"}
			}
		},
		{
			"from": [7.125, 6.25, 8],
			"to": [9, 7.5, 8.625],
			"rotation": {"angle": -45, "axis": "z", "origin": [7.125, 7.5, 8]},
			"faces": {
				"north": {"uv": [5.5, 9.5, 6.75, 10.125], "texture": "#texture"},
				"east": {"uv": [7.25, 10.625, 8.125, 11.25], "texture": "#texture"},
				"south": {"uv": [5.5, 9.5, 6.75, 10.125], "texture": "#texture"},
				"west": {"uv": [7.875, 10.625, 8.75, 11.25], "texture": "#texture"},
				"up": {"uv": [9.25, 7.875, 10.5, 8.75], "texture": "#texture"},
				"down": {"uv": [6.75, 8.75, 5.5, 7.875], "texture": "#texture"}
			}
		},
		{
			"from": [5.5, 4.625, 7.75],
			"to": [6.125, 4.875, 8.875],
			"rotation": {"angle": 45, "axis": "z", "origin": [5.5, 4.875, 7.75]},
			"faces": {
				"north": {"uv": [14.75, 15.375, 16, 16], "texture": "#texture"},
				"east": {"uv": [15.125, 15.375, 16, 16], "texture": "#texture"},
				"south": {"uv": [14.75, 15.375, 16, 16], "texture": "#texture"},
				"west": {"uv": [15.125, 15.375, 16, 16], "texture": "#texture"},
				"up": {"uv": [9.25, 7.875, 10.5, 8.75], "texture": "#texture"},
				"down": {"uv": [6.75, 8.75, 5.5, 7.875], "texture": "#texture"}
			}
		},
		{
			"from": [3.875, 5.375, 7.875],
			"to": [4.25, 6.125, 8.75],
			"rotation": {"angle": 45, "axis": "z", "origin": [3.875, 6.125, 7.875]},
			"faces": {
				"north": {"uv": [8, 9.625, 9.25, 10.25], "texture": "#texture"},
				"east": {"uv": [7.25, 10.625, 8.125, 11.25], "texture": "#texture"},
				"south": {"uv": [8, 9.625, 9.25, 10.25], "texture": "#texture"},
				"west": {"uv": [7.875, 10.625, 8.75, 11.25], "texture": "#texture"},
				"down": {"uv": [6.75, 8.75, 5.5, 7.875], "texture": "#texture"}
			}
		},
		{
			"from": [5.125, 5.875, 7.875],
			"to": [5.5, 6.625, 8.75],
			"rotation": {"angle": -45, "axis": "z", "origin": [5.125, 6.625, 7.875]},
			"faces": {
				"north": {"uv": [6.875, 9.75, 8.125, 10.375], "texture": "#texture"},
				"east": {"uv": [7.25, 10.625, 8.125, 11.25], "texture": "#texture"},
				"south": {"uv": [6.875, 9.75, 8.125, 10.375], "texture": "#texture"},
				"west": {"uv": [7.875, 10.625, 8.75, 11.25], "texture": "#texture"},
				"up": {"uv": [9.25, 7.875, 10.5, 8.75], "texture": "#texture"},
				"down": {"uv": [6.75, 8.75, 5.5, 7.875], "texture": "#texture"}
			}
		},
		{
			"from": [2.625, 6.125, 7.875],
			"to": [5.125, 6.5, 8.75],
			"faces": {
				"north": {"uv": [7.125, 9.375, 8.375, 10], "texture": "#texture"},
				"south": {"uv": [7.125, 9.375, 8.375, 10], "texture": "#texture"},
				"west": {"uv": [7.875, 10.625, 8.75, 11.25], "texture": "#texture"},
				"up": {"uv": [9.25, 7.875, 10.5, 8.75], "texture": "#texture"},
				"down": {"uv": [6.75, 8.75, 5.5, 7.875], "texture": "#texture"}
			}
		},
		{
			"from": [3.25, 5.25, 7.875],
			"to": [3.625, 6.125, 8.75],
			"faces": {
				"north": {"uv": [7.75, 10.25, 9, 10.875], "texture": "#texture"},
				"east": {"uv": [7.25, 10.625, 8.125, 11.25], "texture": "#texture"},
				"south": {"uv": [7.75, 10.25, 9, 10.875], "texture": "#texture"},
				"west": {"uv": [7.875, 10.625, 8.75, 11.25], "texture": "#texture"},
				"down": {"uv": [6.75, 8.75, 5.5, 7.875], "texture": "#texture"}
			}
		},
		{
			"from": [3.125, 5.375, 7.75],
			"to": [3.25, 6.125, 8.875],
			"faces": {
				"north": {"uv": [2.25, 3.5, 3.5, 4.125], "texture": "#texture"},
				"east": {"uv": [2.25, 3.25, 3.125, 3.875], "texture": "#texture"},
				"south": {"uv": [2.25, 3.5, 3.5, 4.125], "texture": "#texture"},
				"west": {"uv": [2.25, 3.25, 3.125, 3.875], "texture": "#texture"},
				"up": {"uv": [1.875, 3.125, 3.125, 4], "texture": "#texture"},
				"down": {"uv": [1.875, 3.125, 3.125, 4], "texture": "#texture"}
			}
		},
		{
			"from": [2.75, 7.125, 7.5],
			"to": [3.75, 8.375, 9.125],
			"faces": {
				"north": {"uv": [0.625, 0, 1.875, 1.25], "texture": "#texture"},
				"east": {"uv": [0.5, 5.625, 2.125, 6.875], "texture": "#texture"},
				"south": {"uv": [0.625, 0, 1.875, 1.25], "texture": "#texture"},
				"west": {"uv": [1.625, 5.625, 3.25, 6.875], "texture": "#texture"},
				"up": {"uv": [0.5, 5.375, 1.5, 7], "texture": "#texture"},
				"down": {"uv": [2, 6.875, 1, 5.25], "texture": "#texture"}
			}
		},
		{
			"from": [1.125, 6.625, 8],
			"to": [2.375, 7.25, 8.625],
			"faces": {
				"north": {"uv": [2.25, 15.375, 0, 16], "texture": "#texture"},
				"east": {"uv": [7.375, 8.75, 8, 9.375], "texture": "#texture"},
				"south": {"uv": [0, 15.375, 2.25, 16], "texture": "#texture"},
				"west": {"uv": [0, 15.375, 0.625, 16], "texture": "#texture"},
				"up": {"uv": [0, 15.375, 1.25, 16], "texture": "#texture"},
				"down": {"uv": [1.25, 16, 0, 15.375], "texture": "#texture"}
			}
		},
		{
			"from": [2.75, 7.875, 7.8625],
			"to": [3.5, 8.375, 8.8625],
			"rotation": {"angle": 45, "axis": "z", "origin": [2.75, 8.375, 7.8625]},
			"faces": {
				"north": {"uv": [5.75, 0.5, 6.375, 1], "texture": "#texture"},
				"east": {"uv": [5.75, 0.375, 6.5, 0.875], "texture": "#texture"},
				"south": {"uv": [5.75, 0.5, 6.375, 1], "texture": "#texture"},
				"west": {"uv": [5.75, 0.375, 6.5, 0.875], "texture": "#texture"},
				"up": {"uv": [5.75, 0, 6.375, 1.375], "texture": "#texture"},
				"down": {"uv": [6.25, 1.375, 5.625, 0], "texture": "#texture"}
			}
		},
		{
			"from": [2.75, 6.5, 7.625],
			"to": [12, 7.375, 9],
			"faces": {
				"north": {"uv": [11.375, 1.25, 0.125, 2.625], "texture": "#texture"},
				"south": {"uv": [0, 1.125, 11.375, 2.625], "texture": "#texture"},
				"west": {"uv": [7.625, 8.625, 9, 9.5], "texture": "#texture"},
				"up": {"uv": [2.75, 7.625, 12, 9], "texture": "#texture"},
				"down": {"uv": [13.25, 9, 4, 7.625], "texture": "#texture"}
			}
		},
		{
			"from": [7.125, 7.125, 7.5],
			"to": [8.125, 8.375, 9.125],
			"faces": {
				"north": {"uv": [6.5, 0, 5.5, 1.375], "texture": "#texture"},
				"east": {"uv": [14, 1, 15.5, 2.625], "texture": "#texture"},
				"south": {"uv": [6.5, 0, 5.5, 1.375], "texture": "#texture"},
				"west": {"uv": [14, 1, 15.5, 2.625], "texture": "#texture"},
				"up": {"uv": [6.25, 0, 5.375, 1], "texture": "#texture"},
				"down": {"uv": [5.25, 0, 6.25, 1], "texture": "#texture"}
			}
		},
		{
			"from": [3.875, 8.75, 7.9375],
			"to": [4.125, 9, 8.8125],
			"faces": {
				"north": {"uv": [5.75, 0.125, 6.5, 1.375], "texture": "#texture"},
				"east": {"uv": [5.75, 0.125, 6.375, 1.125], "texture": "#texture"},
				"south": {"uv": [5.75, 0.125, 6.5, 1.375], "texture": "#texture"},
				"west": {"uv": [5.75, 0.125, 6.375, 1.125], "texture": "#texture"},
				"up": {"uv": [5.875, 0, 6.25, 0.875], "texture": "#texture"},
				"down": {"uv": [5.875, 0, 6.25, 0.875], "texture": "#texture"}
			}
		},
		{
			"from": [7.625, 8.375, 7.875],
			"to": [8.375, 8.875, 8.855],
			"rotation": {"angle": -45, "axis": "z", "origin": [7.625, 8.875, 7.875]},
			"faces": {
				"north": {"uv": [5.75, 0.25, 6.375, 0.75], "texture": "#texture"},
				"east": {"uv": [5.875, 0.5, 6.5, 0.875], "texture": "#texture"},
				"south": {"uv": [5.75, 0.25, 6.375, 0.75], "texture": "#texture"},
				"up": {"uv": [5.75, 0, 6.375, 0.75], "texture": "#texture"},
				"down": {"uv": [6.25, 1.125, 5.625, 0.5], "texture": "#texture"}
			}
		},
		{
			"from": [3.25, 8.375, 7.875],
			"to": [7.625, 8.875, 8.875],
			"faces": {
				"north": {"uv": [0, 0, 5.25, 1], "texture": "#texture"},
				"south": {"uv": [0, 0, 5.25, 1], "texture": "#texture"},
				"west": {"uv": [0, 1.5, 4.375, 2.625], "texture": "#texture"},
				"up": {"uv": [3.25, 7.8125, 7.625, 8.75], "texture": "#texture"},
				"down": {"uv": [12.75, 8.8125, 8.375, 7.875], "texture": "#texture"}
			}
		},
		{
			"from": [5.375, 8.75, 7.9375],
			"to": [5.625, 9, 8.8125],
			"faces": {
				"north": {"uv": [6.25, 0.125, 5.625, 1], "texture": "#texture"},
				"east": {"uv": [5.625, 0.25, 6.125, 1.875], "texture": "#texture"},
				"south": {"uv": [6.25, 0.125, 5.625, 1], "texture": "#texture"},
				"west": {"uv": [5.625, 0.25, 6.125, 1.875], "texture": "#texture"},
				"up": {"uv": [6.125, 0.25, 5.875, 1.25], "texture": "#texture"},
				"down": {"uv": [6.125, 0.25, 5.875, 1.25], "texture": "#texture"}
			}
		},
		{
			"from": [6.79, 8.79, 7.87],
			"to": [7.77, 9.04, 8.87],
			"faces": {
				"north": {"uv": [5.75, 0.375, 6, 1.125], "texture": "#texture"},
				"east": {"uv": [5.75, 0.25, 6.125, 1], "texture": "#texture"},
				"south": {"uv": [5.75, 0.375, 6, 1.125], "texture": "#texture"},
				"west": {"uv": [5.75, 0.25, 6.125, 1], "texture": "#texture"},
				"up": {"uv": [5.75, 0.25, 6.5, 1.25], "texture": "#texture"},
				"down": {"uv": [5.75, 0.25, 6.5, 1.25], "texture": "#texture"}
			}
		},
		{
			"from": [4.375, 8.75, 7.9375],
			"to": [4.625, 9, 8.8125],
			"faces": {
				"north": {"uv": [5.625, 0.125, 6.125, 1.5], "texture": "#texture"},
				"east": {"uv": [5.625, 0.125, 6.25, 1.125], "texture": "#texture"},
				"south": {"uv": [5.625, 0.125, 6.125, 1.5], "texture": "#texture"},
				"west": {"uv": [5.625, 0.125, 6.25, 1.125], "texture": "#texture"},
				"up": {"uv": [5.75, 0.25, 6.125, 1.375], "texture": "#texture"},
				"down": {"uv": [5.75, 0.25, 6.125, 1.375], "texture": "#texture"}
			}
		},
		{
			"from": [4.875, 8.75, 7.9375],
			"to": [5.125, 9, 8.8125],
			"faces": {
				"north": {"uv": [5.75, 0.125, 6.125, 1.375], "texture": "#texture"},
				"east": {"uv": [5.75, 0.125, 6.125, 1.5], "texture": "#texture"},
				"south": {"uv": [5.75, 0.125, 6.125, 1.375], "texture": "#texture"},
				"west": {"uv": [5.75, 0.125, 6.125, 1.5], "texture": "#texture"},
				"up": {"uv": [5.875, 0, 6.25, 1.25], "texture": "#texture"},
				"down": {"uv": [5.875, 0, 6.25, 1.25], "texture": "#texture"}
			}
		},
		{
			"from": [5.875, 8.75, 7.9375],
			"to": [6.125, 9, 8.8125],
			"faces": {
				"north": {"uv": [5.75, 0.25, 6.375, 1.375], "texture": "#texture"},
				"east": {"uv": [5.75, 0.375, 6.125, 1.125], "texture": "#texture"},
				"south": {"uv": [5.75, 0.25, 6.375, 1.375], "texture": "#texture"},
				"west": {"uv": [5.75, 0.375, 6.125, 1.125], "texture": "#texture"},
				"up": {"uv": [5.75, 0.25, 6.25, 1.375], "texture": "#texture"},
				"down": {"uv": [5.75, 0.25, 6.25, 1.375], "texture": "#texture"}
			}
		},
		{
			"from": [6.375, 8.75, 7.9375],
			"to": [6.625, 9, 8.8125],
			"faces": {
				"north": {"uv": [5.625, 0.25, 6.25, 1.125], "texture": "#texture"},
				"east": {"uv": [5.875, 0.125, 6.5, 1.25], "texture": "#texture"},
				"south": {"uv": [5.625, 0.25, 6.25, 1.125], "texture": "#texture"},
				"west": {"uv": [5.875, 0.125, 6.5, 1.25], "texture": "#texture"},
				"up": {"uv": [6, 0, 6, 0.25], "texture": "#texture"},
				"down": {"uv": [6, 0, 6, 0.25], "texture": "#texture"}
			}
		},
		{
			"from": [6.875, 8.8, 7.92],
			"to": [7.125, 9, 8.32],
			"faces": {
				"north": {"uv": [0, 0, 0, 0], "texture": "#texture"},
				"east": {"uv": [0, 0, 0, 0], "texture": "#texture"},
				"south": {"uv": [0, 0, 0, 0], "texture": "#texture"},
				"west": {"uv": [0, 0, 0, 0], "texture": "#texture"},
				"up": {"uv": [0, 0, 0, 0], "texture": "#texture"},
				"down": {"uv": [0, 0, 0, 0], "texture": "#texture"}
			}
		},
		{
			"from": [7.375, 8.8, 7.92],
			"to": [7.625, 9, 8.32],
			"faces": {
				"north": {"uv": [0, 0, 0, 0], "texture": "#texture"},
				"east": {"uv": [0, 0, 0, 0], "texture": "#texture"},
				"south": {"uv": [0, 0, 0, 0], "texture": "#texture"},
				"west": {"uv": [0, 0, 0, 0], "texture": "#texture"},
				"up": {"uv": [0, 0, 0, 0], "texture": "#texture"},
				"down": {"uv": [0, 0, 0, 0], "texture": "#texture"}
			}
		},
		{
			"from": [6.625, 8.875, 8.05],
			"to": [7.375, 9.25, 8.675],
			"faces": {
				"north": {"uv": [0, 15.625, 0.75, 16], "texture": "#texture"},
				"east": {"uv": [0, 15.625, 0.625, 16], "texture": "#texture"},
				"south": {"uv": [0, 15.625, 0.75, 16], "texture": "#texture"},
				"west": {"uv": [0, 15.625, 0.625, 16], "texture": "#texture"},
				"up": {"uv": [0, 15.375, 0.75, 16], "texture": "#texture"}
			}
		},
		{
			"from": [6.75, 8.875, 8.175],
			"to": [7.125, 9.5, 8.3],
			"faces": {
				"north": {"uv": [14.75, 3.875, 15.5, 5.125], "texture": "#texture"},
				"east": {"uv": [14.375, 3.875, 15.25, 4.75], "texture": "#texture"},
				"south": {"uv": [14.75, 3.875, 15.5, 5.125], "texture": "#texture"},
				"west": {"uv": [14.375, 3.875, 15.25, 4.75], "texture": "#texture"},
				"up": {"uv": [14.5, 3.625, 15.375, 5], "texture": "#texture"}
			}
		},
		{
			"from": [3.49, 8.59, 7.87],
			"to": [3.99, 9.215, 8.87],
			"faces": {
				"north": {"uv": [0, 15.5, 0.625, 16], "texture": "#texture"},
				"east": {"uv": [0, 15.5, 0.75, 16], "texture": "#texture"},
				"south": {"uv": [0, 15.5, 0.625, 16], "texture": "#texture"},
				"west": {"uv": [0, 15.5, 0.75, 16], "texture": "#texture"},
				"up": {"uv": [0, 15.5, 0.625, 16], "texture": "#texture"},
				"down": {"uv": [0, 15.5, 0.625, 16], "texture": "#texture"}
			}
		},
		{
			"from": [3.625, 8.875, 8.175],
			"to": [3.875, 9.5, 8.3],
			"rotation": {"angle": 22.5, "axis": "x", "origin": [3.625, 9.5, 8.175]},
			"faces": {
				"north": {"uv": [14.75, 3.875, 15.5, 5.125], "texture": "#texture"},
				"east": {"uv": [14.375, 3.875, 15.25, 4.75], "texture": "#texture"},
				"south": {"uv": [14.75, 3.875, 15.5, 5.125], "texture": "#texture"},
				"west": {"uv": [14.375, 3.875, 15.25, 4.75], "texture": "#texture"},
				"up": {"uv": [14.5, 3.625, 15.375, 5], "texture": "#texture"}
			}
		},
		{
			"from": [3.625, 8.825, 8.46],
			"to": [3.875, 9.45, 8.585],
			"rotation": {"angle": -22.5, "axis": "x", "origin": [3.625, 9.45, 8.46]},
			"faces": {
				"north": {"uv": [14.75, 3.875, 15.5, 5.125], "texture": "#texture"},
				"east": {"uv": [14.375, 3.875, 15.25, 4.75], "texture": "#texture"},
				"south": {"uv": [14.75, 3.875, 15.5, 5.125], "texture": "#texture"},
				"west": {"uv": [14.375, 3.875, 15.25, 4.75], "texture": "#texture"},
				"up": {"uv": [14.5, 3.625, 15.375, 5], "texture": "#texture"},
				"down": {"uv": [14.5, 3.625, 15.375, 5], "texture": "#texture"}
			}
		},
		{
			"from": [6.75, 8.875, 8.415],
			"to": [7.125, 9.5, 8.54],
			"faces": {
				"north": {"uv": [14.5, 3.625, 15.25, 5.25], "texture": "#texture"},
				"east": {"uv": [14.5, 3.5, 15.125, 4.875], "texture": "#texture"},
				"south": {"uv": [14.5, 3.625, 15.25, 5.25], "texture": "#texture"},
				"west": {"uv": [14.5, 3.5, 15.125, 4.875], "texture": "#texture"},
				"up": {"uv": [14.25, 3.5, 15.125, 4.5], "texture": "#texture"}
			}
		},
		{
			"from": [12, 4.875, 7.615],
			"to": [15, 7.5, 8.99],
			"faces": {
				"north": {"uv": [6.312, 10.75, 0, 12.872], "texture": "#texture"},
				"east": {"uv": [5.375, 13.375, 5.937, 13.997], "texture": "#texture"},
				"south": {"uv": [0, 10.75, 6.312, 12.872], "texture": "#texture"},
				"west": {"uv": [8.875, 13.75, 9.562, 15.122], "texture": "#texture"},
				"up": {"uv": [0, 10.75, 6.312, 12.872], "texture": "#texture"},
				"down": {"uv": [5.25, 13.375, 6.062, 14.372], "texture": "#texture"}
			}
		},
		{
			"from": [12.125, 7.375, 7.875],
			"to": [15, 8.125, 8.25],
			"rotation": {"angle": 22.5, "axis": "x", "origin": [12.125, 8.125, 7.875]},
			"faces": {
				"north": {"uv": [6.375, 10.625, 0.5, 10.75], "texture": "#texture"},
				"east": {"uv": [3.125, 3.5, 3.5, 4.25], "texture": "#texture"},
				"south": {"uv": [6.375, 10.625, 0.5, 10.75], "texture": "#texture"},
				"west": {"uv": [3.125, 3.5, 3.5, 4.25], "texture": "#texture"},
				"up": {"uv": [12, 9, 15, 9.375], "texture": "#texture"},
				"down": {"uv": [4, 9.375, 1, 9], "texture": "#texture"}
			}
		},
		{
			"from": [12.125, 7.375, 7.875],
			"to": [15, 8.125, 8.75],
			"faces": {
				"north": {"uv": [6.375, 10.625, 0.5, 10.75], "texture": "#texture"},
				"east": {"uv": [2.75, 3.75, 3.125, 4.5], "texture": "#texture"},
				"south": {"uv": [0.375, 10.625, 6.375, 10.75], "texture": "#texture"},
				"west": {"uv": [2.75, 3.75, 3.125, 4.5], "texture": "#texture"},
				"up": {"uv": [0.375, 10.625, 6.375, 10.75], "texture": "#texture"},
				"down": {"uv": [4, 9.375, 1, 9], "texture": "#texture"}
			}
		}
	],
	"display": {
		"thirdperson_righthand": {
			"rotation": [61, -90, 72],
			"translation": [0, 2.25, -1.25]
		},
		"thirdperson_lefthand": {
			"rotation": [110, 90, -117],
			"translation": [0, 2.25, -1]
		},
		"firstperson_righthand": {
			"rotation": [0, -90, -8],
			"translation": [1, 3.25, 0.75],
			"scale": [1.3, 1.3, 1.1]
		},
		"firstperson_lefthand": {
			"rotation": [-15, 90, 18],
			"translation": [0, 3.25, 3.5]
		},
		"ground": {
			"translation": [0, 3, 0],
			"scale": [2, 2, 2]
		},
		"gui": {
			"rotation": [0, -180, -40],
			"translation": [-0.5, 1.75, 1.25],
			"scale": [1.5, 1.5, 1.5]
		},
		"head": {
			"rotation": [0, -180, 0],
			"translation": [0, 12, 0]
		},
		"fixed": {
			"rotation": [0, 0, -48],
			"translation": [0.75, 2, -0.75],
			"scale": [1.5, 1.5, 1.5]
		}
	}
}