{
	"credit": "quiktori",
	"textures": {
		"texture": "items/ak1"
	},
	"elements": [
		{
			"from": [7.125, 7.125, 7.625],
			"to": [8, 8.125, 8.375],
			"rotation": {"angle": 22.5, "axis": "z", "origin": [7.125, 8.125, 7.625]},
			"faces": {
				"north": {"uv": [9, 10.875, 9.75, 11.875], "texture": "#texture"},
				"east": {"uv": [7.625, 7.875, 8.375, 8.875], "texture": "#texture"},
				"south": {"uv": [9, 10.875, 9.75, 11.875], "texture": "#texture"},
				"west": {"uv": [7.625, 7.875, 8.375, 8.875], "texture": "#texture"},
				"up": {"uv": [7.125, 7.625, 8, 8.375], "texture": "#texture"},
				"down": {"uv": [7.125, 7.625, 8, 8.375], "texture": "#texture"}
			}
		},
		{
			"from": [7.5, 5.375, 7.625],
			"to": [8.375, 7.25, 8.375],
			"rotation": {"angle": 45, "axis": "z", "origin": [7.5, 7.25, 7.625]},
			"faces": {
				"north": {"uv": [6, 11.25, 6.875, 12.25], "texture": "#texture"},
				"east": {"uv": [7.625, 8.75, 8.375, 10.625], "texture": "#texture"},
				"south": {"uv": [6, 11.25, 6.875, 12.25], "texture": "#texture"},
				"west": {"uv": [7.625, 8.75, 8.375, 10.625], "texture": "#texture"},
				"up": {"uv": [7.5, 7.625, 8.375, 8.375], "texture": "#texture"},
				"down": {"uv": [7.5, 7.625, 8.375, 8.375], "texture": "#texture"}
			}
		},
		{
			"from": [3.875, 8.625, 7.625],
			"to": [4.875, 9, 8.375],
			"faces": {
				"north": {"uv": [3.875, 7, 4.875, 7.375], "texture": "#texture"},
				"east": {"uv": [7.625, 7, 8.375, 7.375], "texture": "#texture"},
				"south": {"uv": [3.875, 7, 4.875, 7.375], "texture": "#texture"},
				"west": {"uv": [7.625, 7, 8.375, 7.375], "texture": "#texture"},
				"up": {"uv": [3.875, 7.625, 4.875, 8.375], "texture": "#texture"},
				"down": {"uv": [3.875, 7.625, 4.875, 8.375], "texture": "#texture"}
			}
		},
		{
			"from": [7.125, 8, 7.625],
			"to": [8, 8.75, 8.375],
			"faces": {
				"north": {"uv": [7.25, 7.25, 8, 8], "texture": "#texture"},
				"east": {"uv": [7.625, 7.25, 8.375, 8], "texture": "#texture"},
				"south": {"uv": [7.25, 7.25, 8, 8], "texture": "#texture"},
				"west": {"uv": [7.625, 7.25, 8.375, 8], "texture": "#texture"},
				"up": {"uv": [7.125, 7.625, 8, 8.375], "texture": "#texture"},
				"down": {"uv": [7.125, 7.625, 8, 8.375], "texture": "#texture"}
			}
		},
		{
			"from": [5.125, 7, 7.625],
			"to": [5.875, 8.5, 8.375],
			"rotation": {"angle": -22.5, "axis": "z", "origin": [5.125, 8.5, 7.625]},
			"faces": {
				"north": {"uv": [5.125, 9.25, 5.625, 10.625], "texture": "#texture"},
				"east": {"uv": [5.25, 9.125, 5.625, 10.625], "texture": "#texture"},
				"south": {"uv": [5.125, 9.25, 5.625, 10.625], "texture": "#texture"},
				"west": {"uv": [5.25, 9.125, 5.625, 10.625], "texture": "#texture"},
				"up": {"uv": [5.25, 9.5, 5.625, 10.25], "texture": "#texture"},
				"down": {"uv": [10.875, 8.375, 10.125, 7.625], "texture": "#texture"}
			}
		},
		{
			"from": [4.625, 8.5625, 7.5],
			"to": [8, 9.3125, 8.5],
			"faces": {
				"north": {"uv": [8, 6.6875, 4.625, 7.4375], "texture": "#texture"},
				"east": {"uv": [8.5, 6.6875, 7.5, 7.4375], "texture": "#texture"},
				"south": {"uv": [4.625, 6.6875, 8, 7.4375], "texture": "#texture"},
				"west": {"uv": [7.5, 6.6875, 8.5, 7.4375], "texture": "#texture"},
				"up": {"uv": [4.625, 7.5, 8, 8.5], "texture": "#texture"},
				"down": {"uv": [11.375, 8.5, 8, 7.5], "texture": "#texture"}
			}
		},
		{
			"from": [0.75, 8.75, 7.625],
			"to": [3.25, 9.25, 8.375],
			"faces": {
				"north": {"uv": [3.25, 6.75, 0.75, 7.25], "texture": "#texture"},
				"east": {"uv": [8.375, 6.75, 7.625, 7.25], "texture": "#texture"},
				"south": {"uv": [0.75, 6.75, 3.25, 7.25], "texture": "#texture"},
				"west": {"uv": [7.625, 6.75, 8.375, 7.25], "texture": "#texture"},
				"up": {"uv": [1, 6.75, 3.5, 6.875], "texture": "#texture"},
				"down": {"uv": [1, 6.75, 3.5, 6.875], "texture": "#texture"}
			}
		},
		{
			"from": [0.75, 7.375, 7.625],
			"to": [1.125, 9.25, 8.375],
			"faces": {
				"north": {"uv": [0.75, 6.75, 1.125, 8.625], "texture": "#texture"},
				"east": {"uv": [7.625, 6.75, 8.375, 8.625], "texture": "#texture"},
				"south": {"uv": [0.75, 6.75, 1.125, 8.625], "texture": "#texture"},
				"west": {"uv": [7.625, 6.75, 8.375, 8.625], "texture": "#texture"},
				"up": {"uv": [0.75, 7.625, 1.125, 8.375], "texture": "#texture"},
				"down": {"uv": [0.75, 7.625, 1.125, 8.375], "texture": "#texture"}
			}
		},
		{
			"from": [0.9375, 7.4375, 7.625],
			"to": [4.0625, 7.8125, 8.375],
			"rotation": {"angle": 22.5, "axis": "z", "origin": [0.9375, 7.8125, 7.625]},
			"faces": {
				"north": {"uv": [1, 9.125, 4.125, 9.5], "texture": "#texture"},
				"east": {"uv": [7.625, 8.1875, 8.375, 8.5625], "texture": "#texture"},
				"south": {"uv": [1, 9.125, 4.125, 9.5], "texture": "#texture"},
				"west": {"uv": [7.625, 8.1875, 8.375, 8.5625], "texture": "#texture"},
				"up": {"uv": [0.9375, 7.625, 4.0625, 8.375], "texture": "#texture"},
				"down": {"uv": [0.9375, 7.625, 4.0625, 8.375], "texture": "#texture"}
			}
		},
		{
			"from": [5, 8.25, 7.625],
			"to": [6, 8.625, 8.375],
			"faces": {
				"north": {"uv": [6, 7.375, 5, 7.75], "texture": "#texture"},
				"east": {"uv": [5.25, 9.625, 5.375, 10.125], "texture": "#texture"},
				"south": {"uv": [5, 7.375, 6, 7.75], "texture": "#texture"},
				"west": {"uv": [5.25, 9.625, 5.375, 10.125], "texture": "#texture"},
				"up": {"uv": [5, 7.625, 6, 8.375], "texture": "#texture"},
				"down": {"uv": [11, 8.375, 10, 7.625], "texture": "#texture"}
			}
		},
		{
			"from": [3.25, 8.75, 7.625],
			"to": [3.75, 9.25, 8.375],
			"rotation": {"angle": -45, "axis": "z", "origin": [3.25, 9.25, 7.625]},
			"faces": {
				"north": {"uv": [3.75, 6.75, 3.25, 7.25], "texture": "#texture"},
				"east": {"uv": [8.375, 6.75, 7.625, 7.25], "texture": "#texture"},
				"south": {"uv": [3.25, 6.75, 3.75, 7.25], "texture": "#texture"},
				"west": {"uv": [7.625, 6.75, 8.375, 7.25], "texture": "#texture"},
				"up": {"uv": [3.25, 7.625, 3.75, 8.375], "texture": "#texture"},
				"down": {"uv": [12.75, 8.375, 12.25, 7.625], "texture": "#texture"}
			}
		},
		{
			"from": [3.25, 8.375, 7.625],
			"to": [4.375, 8.875, 8.375],
			"rotation": {"angle": 22.5, "axis": "z", "origin": [3.25, 8.875, 7.625]},
			"faces": {
				"north": {"uv": [4.375, 7.125, 3.25, 7.625], "texture": "#texture"},
				"east": {"uv": [8.375, 7.125, 7.625, 7.625], "texture": "#texture"},
				"south": {"uv": [3.25, 7.125, 4.375, 7.625], "texture": "#texture"},
				"west": {"uv": [7.625, 7.125, 8.375, 7.625], "texture": "#texture"},
				"up": {"uv": [1.75, 7, 2.75, 7.125], "texture": "#texture"},
				"down": {"uv": [1.75, 7, 2.75, 7.125], "texture": "#texture"}
			}
		},
		{
			"from": [4.3125, 8.9375, 7.625],
			"to": [4.6875, 9.3125, 8.375],
			"faces": {
				"north": {"uv": [4.6875, 6.6875, 4.3125, 7.0625], "texture": "#texture"},
				"east": {"uv": [8.375, 6.6875, 7.625, 7.0625], "texture": "#texture"},
				"south": {"uv": [4.3125, 6.6875, 4.6875, 7.0625], "texture": "#texture"},
				"west": {"uv": [7.625, 6.6875, 8.375, 7.0625], "texture": "#texture"},
				"up": {"uv": [4.3125, 7.625, 4.6875, 8.375], "texture": "#texture"},
				"down": {"uv": [11.6875, 8.375, 11.3125, 7.625], "texture": "#texture"}
			}
		},
		{
			"from": [1, 8.375, 7.625],
			"to": [3.125, 8.875, 8.375],
			"faces": {
				"north": {"uv": [3.125, 7.125, 1, 7.625], "texture": "#texture"},
				"east": {"uv": [8.375, 7.125, 7.625, 7.625], "texture": "#texture"},
				"south": {"uv": [1, 7.125, 3.125, 7.625], "texture": "#texture"},
				"west": {"uv": [7.625, 7.125, 8.375, 7.625], "texture": "#texture"},
				"up": {"uv": [1, 7.625, 3.125, 8.375], "texture": "#texture"},
				"down": {"uv": [15, 8.375, 12.875, 7.625], "texture": "#texture"}
			}
		},
		{
			"from": [1, 8.125, 7.625],
			"to": [2.25, 8.5, 8.375],
			"faces": {
				"north": {"uv": [2.25, 7.5, 1, 7.875], "texture": "#texture"},
				"east": {"uv": [8.375, 7.5, 7.625, 7.875], "texture": "#texture"},
				"south": {"uv": [1, 7.5, 2.25, 7.875], "texture": "#texture"},
				"west": {"uv": [7.625, 7.5, 8.375, 7.875], "texture": "#texture"},
				"up": {"uv": [1, 7.625, 2.25, 8.375], "texture": "#texture"},
				"down": {"uv": [15, 8.375, 13.75, 7.625], "texture": "#texture"}
			}
		},
		{
			"from": [1, 7.875, 7.625],
			"to": [1.625, 8.125, 8.375],
			"faces": {
				"north": {"uv": [1.625, 7.875, 1, 8.125], "texture": "#texture"},
				"east": {"uv": [8.375, 7.875, 7.625, 8.125], "texture": "#texture"},
				"south": {"uv": [1, 7.875, 1.625, 8.125], "texture": "#texture"},
				"west": {"uv": [7.625, 7.875, 8.375, 8.125], "texture": "#texture"},
				"up": {"uv": [1, 7.625, 1.625, 8.375], "texture": "#texture"},
				"down": {"uv": [15, 8.375, 14.375, 7.625], "texture": "#texture"}
			}
		},
		{
			"from": [5.25, 9.1875, 7.75],
			"to": [10, 9.9375, 8],
			"rotation": {"angle": 22.5, "axis": "x", "origin": [5.25, 9.9375, 7.75]},
			"faces": {
				"north": {"uv": [10, 6.125, 5.25, 6.75], "texture": "#texture"},
				"east": {"uv": [8.5, 6.125, 7.5, 6.75], "texture": "#texture"},
				"south": {"uv": [5.25, 6.125, 10, 6.75], "texture": "#texture"},
				"west": {"uv": [7.5, 6.125, 8.5, 6.75], "texture": "#texture"},
				"up": {"uv": [4.5, 3.5, 9.25, 4.5], "texture": "#texture"},
				"down": {"uv": [4.5, 3.5, 9.25, 4.5], "texture": "#texture"}
			}
		},
		{
			"from": [4.5, 8.66788, 7.75],
			"to": [5.5, 9.04288, 8.25],
			"rotation": {"angle": 45, "axis": "z", "origin": [4.5, 9.04288, 7.75]},
			"faces": {
				"north": {"uv": [4.625, 6.8125, 5.625, 7.1875], "texture": "#texture"},
				"east": {"uv": [7.5, 6.8125, 8.5, 7.1875], "texture": "#texture"},
				"south": {"uv": [4.625, 6.8125, 5.625, 7.1875], "texture": "#texture"},
				"west": {"uv": [7.5, 6.8125, 8.5, 7.1875], "texture": "#texture"},
				"up": {"uv": [4, 4, 5, 5], "texture": "#texture"},
				"down": {"uv": [4, 4, 5, 5], "texture": "#texture"}
			}
		},
		{
			"from": [6, 8.25, 7.5],
			"to": [6.25, 8.375, 8.5],
			"rotation": {"angle": -22.5, "axis": "z", "origin": [6, 8.375, 7.5]},
			"faces": {
				"north": {"uv": [6.25, 7.625, 6, 7.75], "texture": "#texture"},
				"east": {"uv": [8.5, 7.625, 7.5, 7.75], "texture": "#texture"},
				"south": {"uv": [6, 7.625, 6.25, 7.75], "texture": "#texture"},
				"west": {"uv": [7.5, 7.625, 8.5, 7.75], "texture": "#texture"},
				"up": {"uv": [6, 7.5, 6.25, 8.5], "texture": "#texture"},
				"down": {"uv": [10, 8.5, 9.75, 7.5], "texture": "#texture"}
			}
		},
		{
			"from": [6.9375, 8.125, 7.5],
			"to": [7.1875, 8.25, 8.5],
			"rotation": {"angle": 22.5, "axis": "z", "origin": [6.9375, 8.25, 7.5]},
			"faces": {
				"north": {"uv": [6.172, 7.657, 5.985, 7.735], "texture": "#texture"},
				"east": {"uv": [8.5, 7.75, 7.5, 7.875], "texture": "#texture"},
				"south": {"uv": [6.9375, 7.75, 7.1875, 7.875], "texture": "#texture"},
				"west": {"uv": [7.5, 7.75, 8.5, 7.875], "texture": "#texture"},
				"up": {"uv": [6.9375, 7.5, 7.1875, 8.5], "texture": "#texture"},
				"down": {"uv": [9.0625, 8.5, 8.8125, 7.5], "texture": "#texture"}
			}
		},
		{
			"from": [6.1875, 8.125, 7.5],
			"to": [6.9375, 8.25, 8.5],
			"faces": {
				"north": {"uv": [6.703, 7.688, 6.047, 7.766], "texture": "#texture"},
				"east": {"uv": [8.5, 7.75, 7.5, 7.875], "texture": "#texture"},
				"south": {"uv": [6.1875, 7.75, 6.9375, 7.875], "texture": "#texture"},
				"west": {"uv": [7.5, 7.75, 8.5, 7.875], "texture": "#texture"},
				"up": {"uv": [6.1875, 7.5, 6.9375, 8.5], "texture": "#texture"},
				"down": {"uv": [9.8125, 8.5, 9.0625, 7.5], "texture": "#texture"}
			}
		},
		{
			"from": [6.25, 8.25, 7.5],
			"to": [6.5, 8.75, 8.5],
			"rotation": {"angle": 22.5, "axis": "z", "origin": [6.25, 8.75, 7.5]},
			"faces": {
				"north": {"uv": [6.469, 7.703, 6.25, 7.75], "texture": "#texture"},
				"east": {"uv": [8.5, 7.25, 7.5, 7.75], "texture": "#texture"},
				"south": {"uv": [6.25, 7.25, 6.5, 7.75], "texture": "#texture"},
				"west": {"uv": [7.5, 7.25, 8.5, 7.75], "texture": "#texture"},
				"up": {"uv": [6.25, 7.5, 6.5, 8.5], "texture": "#texture"},
				"down": {"uv": [9.75, 8.5, 9.5, 7.5], "texture": "#texture"}
			}
		},
		{
			"from": [8, 8.875, 7.5],
			"to": [9.125, 9.5, 8.5],
			"faces": {
				"north": {"uv": [9.125, 6.5, 8, 7.125], "texture": "#texture"},
				"east": {"uv": [8.5, 6.5, 7.5, 7.125], "texture": "#texture"},
				"south": {"uv": [8, 6.5, 9.125, 7.125], "texture": "#texture"},
				"west": {"uv": [7.5, 6.5, 8.5, 7.125], "texture": "#texture"},
				"up": {"uv": [8, 7.5, 9.125, 8.5], "texture": "#texture"},
				"down": {"uv": [8, 8.5, 6.875, 7.5], "texture": "#texture"}
			}
		},
		{
			"from": [9.125, 8.875, 7.5],
			"to": [11.75, 9.5, 8.5],
			"faces": {
				"north": {"uv": [9.125, 6.5, 11.75, 7], "texture": "#texture"},
				"east": {"uv": [7.5, 6.5, 8.5, 7.125], "texture": "#texture"},
				"south": {"uv": [9.125, 6.5, 11.75, 7], "texture": "#texture"},
				"west": {"uv": [7.5, 6.5, 8.5, 7.125], "texture": "#texture"},
				"up": {"uv": [9.125, 7.5, 11.75, 8.5], "texture": "#texture"},
				"down": {"uv": [9.125, 7.5, 11.75, 8.5], "texture": "#texture"}
			}
		},
		{
			"from": [11.6875, 9.625, 7.75],
			"to": [11.9375, 9.9375, 8.125],
			"faces": {
				"north": {"uv": [11.9375, 6.0625, 11.6875, 6.375], "texture": "#texture"},
				"east": {"uv": [8.125, 6.0625, 7.75, 6.375], "texture": "#texture"},
				"south": {"uv": [11.6875, 6.0625, 11.9375, 6.375], "texture": "#texture"},
				"west": {"uv": [7.75, 6.0625, 8.125, 6.375], "texture": "#texture"},
				"up": {"uv": [11.6875, 7.75, 11.9375, 8.125], "texture": "#texture"},
				"down": {"uv": [4.3125, 8.125, 4.0625, 7.75], "texture": "#texture"}
			}
		},
		{
			"from": [11.9375, 9.6875, 7.75],
			"to": [13.0625, 9.875, 8.125],
			"faces": {
				"north": {"uv": [13.0625, 6.125, 11.9375, 6.3125], "texture": "#texture"},
				"east": {"uv": [8.125, 6.125, 7.75, 6.3125], "texture": "#texture"},
				"south": {"uv": [11.9375, 6.125, 13.0625, 6.3125], "texture": "#texture"},
				"west": {"uv": [7.75, 6.125, 8.125, 6.3125], "texture": "#texture"},
				"up": {"uv": [11.9375, 7.75, 13.0625, 8.125], "texture": "#texture"},
				"down": {"uv": [4.0625, 8.125, 2.9375, 7.75], "texture": "#texture"}
			}
		},
		{
			"from": [11.75, 8.9375, 7.625],
			"to": [12, 9.5, 8.25],
			"faces": {
				"north": {"uv": [12, 6.5, 11.75, 7.0625], "texture": "#texture"},
				"east": {"uv": [8.25, 6.5, 7.625, 7.0625], "texture": "#texture"},
				"south": {"uv": [11.75, 6.5, 12, 7.0625], "texture": "#texture"},
				"west": {"uv": [7.625, 6.5, 8.25, 7.0625], "texture": "#texture"},
				"up": {"uv": [11.75, 7.625, 12, 8.25], "texture": "#texture"},
				"down": {"uv": [4.25, 8.25, 4, 7.625], "texture": "#texture"}
			}
		},
		{
			"from": [12, 9.25, 7.75],
			"to": [14.875, 9.5, 8.125],
			"faces": {
				"north": {"uv": [14.875, 6.5, 12, 6.75], "texture": "#texture"},
				"east": {"uv": [8.125, 6.5, 7.75, 6.75], "texture": "#texture"},
				"south": {"uv": [12, 6.5, 14.875, 6.75], "texture": "#texture"},
				"west": {"uv": [7.75, 6.5, 8.125, 6.75], "texture": "#texture"},
				"up": {"uv": [12, 7.75, 14.875, 8.125], "texture": "#texture"},
				"down": {"uv": [4, 8.125, 1.125, 7.75], "texture": "#texture"}
			}
		},
		{
			"from": [14.875, 9.1875, 7.75],
			"to": [15.625, 9.5625, 8.125],
			"faces": {
				"north": {"uv": [15.625, 6.4375, 14.875, 6.8125], "texture": "#texture"},
				"east": {"uv": [8.125, 6.4375, 7.75, 6.8125], "texture": "#texture"},
				"south": {"uv": [14.875, 6.4375, 15.625, 6.8125], "texture": "#texture"},
				"west": {"uv": [7.75, 6.4375, 8.125, 6.8125], "texture": "#texture"},
				"up": {"uv": [14.875, 7.75, 15.625, 8.125], "texture": "#texture"},
				"down": {"uv": [1.125, 8.125, 0.375, 7.75], "texture": "#texture"}
			}
		},
		{
			"from": [12, 9, 7.875],
			"to": [15.125, 9.125, 8],
			"faces": {
				"north": {"uv": [15.125, 6.875, 12, 7], "texture": "#texture"},
				"east": {"uv": [8, 6.875, 7.875, 7], "texture": "#texture"},
				"south": {"uv": [12, 6.875, 15.125, 7], "texture": "#texture"},
				"west": {"uv": [7.875, 6.875, 8, 7], "texture": "#texture"},
				"up": {"uv": [12, 7.875, 15.125, 8], "texture": "#texture"},
				"down": {"uv": [4, 8, 0.875, 7.875], "texture": "#texture"}
			}
		},
		{
			"from": [14.875, 9.125, 7.75],
			"to": [15.125, 9.375, 8.125],
			"faces": {
				"north": {"uv": [15.125, 6.625, 14.875, 6.875], "texture": "#texture"},
				"east": {"uv": [8.125, 6.625, 7.75, 6.875], "texture": "#texture"},
				"south": {"uv": [14.875, 6.625, 15.125, 6.875], "texture": "#texture"},
				"west": {"uv": [7.75, 6.625, 8.125, 6.875], "texture": "#texture"},
				"up": {"uv": [14.875, 7.75, 15.125, 8.125], "texture": "#texture"},
				"down": {"uv": [1.125, 8.125, 0.875, 7.75], "texture": "#texture"}
			}
		},
		{
			"from": [15, 10, 7.75],
			"to": [15.4375, 10.375, 7.875],
			"faces": {
				"north": {"uv": [15.4375, 5.625, 15, 6], "texture": "#texture"},
				"east": {"uv": [7.875, 5.625, 7.75, 6], "texture": "#texture"},
				"south": {"uv": [15, 5.625, 15.4375, 6], "texture": "#texture"},
				"west": {"uv": [7.75, 5.625, 7.875, 6], "texture": "#texture"},
				"up": {"uv": [15, 7.75, 15.4375, 7.875], "texture": "#texture"},
				"down": {"uv": [1, 7.875, 0.5625, 7.75], "texture": "#texture"}
			}
		},
		{
			"from": [15, 9.375, 7.75],
			"to": [15.125, 10.125, 8.125],
			"rotation": {"angle": -22.5, "axis": "z", "origin": [15, 10.125, 7.75]},
			"faces": {
				"north": {"uv": [15.125, 5.875, 15, 6.625], "texture": "#texture"},
				"east": {"uv": [8.125, 5.875, 7.75, 6.625], "texture": "#texture"},
				"south": {"uv": [15, 5.875, 15.125, 6.625], "texture": "#texture"},
				"west": {"uv": [7.75, 5.875, 8.125, 6.625], "texture": "#texture"},
				"up": {"uv": [15, 7.75, 15.125, 8.125], "texture": "#texture"},
				"down": {"uv": [1, 8.125, 0.875, 7.75], "texture": "#texture"}
			}
		},
		{
			"from": [15.25, 9.5, 7.75],
			"to": [15.375, 10.125, 8.125],
			"faces": {
				"north": {"uv": [15.375, 5.875, 15.25, 6.5], "texture": "#texture"},
				"east": {"uv": [8.125, 5.875, 7.75, 6.5], "texture": "#texture"},
				"south": {"uv": [15.25, 5.875, 15.375, 6.5], "texture": "#texture"},
				"west": {"uv": [7.75, 5.875, 8.125, 6.5], "texture": "#texture"},
				"up": {"uv": [15.25, 7.75, 15.375, 8.125], "texture": "#texture"},
				"down": {"uv": [0.75, 8.125, 0.625, 7.75], "texture": "#texture"}
			}
		},
		{
			"from": [15, 10, 8],
			"to": [15.4375, 10.375, 8.125],
			"faces": {
				"north": {"uv": [15.4375, 5.625, 15, 6], "texture": "#texture"},
				"east": {"uv": [8.125, 5.625, 8, 6], "texture": "#texture"},
				"south": {"uv": [15, 5.625, 15.4375, 6], "texture": "#texture"},
				"west": {"uv": [8, 5.625, 8.125, 6], "texture": "#texture"},
				"up": {"uv": [15, 8, 15.4375, 8.125], "texture": "#texture"},
				"down": {"uv": [1, 8.125, 0.5625, 8], "texture": "#texture"}
			}
		},
		{
			"from": [12.625, 9.5, 7.75],
			"to": [13.125, 9.75, 8.125],
			"faces": {
				"north": {"uv": [13.125, 6.25, 12.625, 6.5], "texture": "#texture"},
				"east": {"uv": [8.125, 6.25, 7.75, 6.5], "texture": "#texture"},
				"south": {"uv": [12.625, 6.25, 13.125, 6.5], "texture": "#texture"},
				"west": {"uv": [7.75, 6.25, 8.125, 6.5], "texture": "#texture"},
				"up": {"uv": [12.625, 7.75, 13.125, 8.125], "texture": "#texture"},
				"down": {"uv": [3.375, 8.125, 2.875, 7.75], "texture": "#texture"}
			}
		},
		{
			"from": [8.75, 9.3125, 7.8125],
			"to": [9.875, 9.8125, 8],
			"rotation": {"angle": 22.5, "axis": "x", "origin": [8.75, 9.8125, 7.8125]},
			"faces": {
				"north": {"uv": [9.875, 5.75, 8.75, 6.25], "texture": "#texture"},
				"east": {"uv": [7.8125, 5.75, 7.625, 6.25], "texture": "#texture"},
				"south": {"uv": [8.75, 5.75, 9.875, 6.25], "texture": "#texture"},
				"west": {"uv": [7.625, 5.75, 7.8125, 6.25], "texture": "#texture"},
				"up": {"uv": [8.75, 7.625, 9.875, 7.8125], "texture": "#texture"},
				"down": {"uv": [7.25, 7.8125, 6.125, 7.625], "texture": "#texture"}
			}
		},
		{
			"from": [9.625, 9.25, 7.875],
			"to": [11.75, 9.875, 8.25],
			"rotation": {"angle": -22.5, "axis": "x", "origin": [9.625, 9.875, 7.875]},
			"faces": {
				"north": {"uv": [10, 6, 11.75, 6.4375], "texture": "#texture"},
				"east": {"uv": [7.5, 6, 8.5, 6.4375], "texture": "#texture"},
				"south": {"uv": [10, 6, 11.75, 6.4375], "texture": "#texture"},
				"west": {"uv": [7.5, 6, 8.5, 6.4375], "texture": "#texture"},
				"up": {"uv": [10, 6, 11.75, 6.125], "texture": "#texture"},
				"down": {"uv": [10, 6, 11.75, 6.125], "texture": "#texture"}
			}
		},
		{
			"from": [9.625, 9.375, 7.75],
			"to": [11.75, 10, 8.125],
			"rotation": {"angle": 22.5, "axis": "x", "origin": [9.625, 10, 7.75]},
			"faces": {
				"north": {"uv": [10, 6, 11.75, 6.4375], "texture": "#texture"},
				"east": {"uv": [7.5, 6, 8.5, 6.4375], "texture": "#texture"},
				"south": {"uv": [10, 6, 11.75, 6.4375], "texture": "#texture"},
				"west": {"uv": [7.5, 6, 8.5, 6.4375], "texture": "#texture"},
				"up": {"uv": [10, 6, 11.75, 6.125], "texture": "#texture"},
				"down": {"uv": [10, 6, 11.75, 6.125], "texture": "#texture"}
			}
		},
		{
			"from": [5.125, 9.125, 8],
			"to": [9.75, 9.875, 8.25],
			"rotation": {"angle": -22.5, "axis": "x", "origin": [5.125, 9.875, 8]},
			"faces": {
				"north": {"uv": [10, 6.125, 5.25, 6.75], "texture": "#texture"},
				"east": {"uv": [8.5, 6.125, 7.5, 6.75], "texture": "#texture"},
				"south": {"uv": [5.25, 6.125, 10, 6.75], "texture": "#texture"},
				"west": {"uv": [7.5, 6.125, 8.5, 6.75], "texture": "#texture"},
				"up": {"uv": [4.5, 3.5, 9.25, 4.5], "texture": "#texture"},
				"down": {"uv": [4.5, 3.5, 9.25, 4.5], "texture": "#texture"}
			}
		},
		{
			"from": [5.375, 9.4375, 7.75],
			"to": [11.875, 9.9375, 8.25],
			"faces": {
				"north": {"uv": [5.25, 6, 11.875, 6.5], "texture": "#texture"},
				"east": {"uv": [7.75, 6, 8.25, 6.5], "texture": "#texture"},
				"south": {"uv": [5.25, 6, 11.875, 6.5], "texture": "#texture"},
				"west": {"uv": [7.75, 6, 8.25, 6.5], "texture": "#texture"},
				"up": {"uv": [5.25, 6, 11.875, 6.5], "texture": "#texture"},
				"down": {"uv": [5.25, 6, 11.875, 6.5], "texture": "#texture"}
			}
		}
	],
	"display": {
		"thirdperson_righthand": {
			"rotation": [0, 90, 0],
			"scale": [1.3, 1.3, 1.3]
		},
		"firstperson_righthand": {
			"rotation": [-8, 70, -6],
			"translation": [0, 1.5, 2.5],
			"scale": [2, 2, 2]
		},
		"ground": {
			"scale": [4, 4, 4]
		},
		"gui": {
			"rotation": [0, 7, 30],
			"scale": [2, 2, 2]
		}
	}
}