{
	"credit": "quiktori",
	"textures": {
		"Grenade": "items/grenade"
	},
	"elements": [
		{
			"from": [6, 4.5, 6],
			"to": [10, 5.75, 10],
			"faces": {
				"north": {"uv": [7.25, 6.25, 11.25, 7.5], "texture": "#Grenade"},
				"east": {"uv": [5.5, 6.25, 9.5, 7.5], "texture": "#Grenade"},
				"south": {"uv": [7.25, 6.25, 11.25, 7.5], "texture": "#Grenade"},
				"west": {"uv": [5.5, 6.25, 9.5, 7.5], "texture": "#Grenade"},
				"down": {"uv": [8.75, 6.5, 12.75, 7.5], "texture": "#Grenade"}
			}
		},
		{
			"from": [6.25, 4, 6.25],
			"to": [9.75, 4.5, 9.75],
			"faces": {
				"north": {"uv": [7.25, 6.25, 11.25, 7.5], "texture": "#Grenade"},
				"east": {"uv": [5.5, 6.25, 9.5, 7.5], "texture": "#Grenade"},
				"south": {"uv": [7.25, 6.25, 11.25, 7.5], "texture": "#Grenade"},
				"west": {"uv": [5.5, 6.25, 9.5, 7.5], "texture": "#Grenade"},
				"down": {"uv": [8.75, 6.5, 12.75, 7.5], "texture": "#Grenade"}
			}
		},
		{
			"from": [7, 8.25, 7.5],
			"to": [8.5, 10, 8.5],
			"faces": {
				"north": {"uv": [8, 10.25, 9, 10.75], "texture": "#Grenade"},
				"east": {"uv": [7, 9.5, 8, 10], "texture": "#Grenade"},
				"south": {"uv": [8, 10.25, 9, 10.75], "texture": "#Grenade"},
				"west": {"uv": [7, 9.5, 8, 10], "texture": "#Grenade"},
				"up": {"uv": [7.75, 9.5, 8.75, 10.5], "texture": "#Grenade"},
				"down": {"uv": [7.75, 9.5, 8.75, 10.5], "texture": "#Grenade"}
			}
		},
		{
			"from": [6.5, 7.25, 6.5],
			"to": [9.5, 7.5, 9.5],
			"faces": {
				"north": {"uv": [7.25, 6.25, 11.25, 7.5], "texture": "#Grenade"},
				"east": {"uv": [5.5, 6.25, 9.5, 7.5], "texture": "#Grenade"},
				"south": {"uv": [7.25, 6.25, 11.25, 7.5], "texture": "#Grenade"},
				"west": {"uv": [5.5, 6.25, 9.5, 7.5], "texture": "#Grenade"},
				"up": {"uv": [8.75, 6.5, 12.75, 7.5], "texture": "#Grenade"}
			}
		},
		{
			"from": [6.25, 6.5, 6.25],
			"to": [9.75, 7.25, 9.75],
			"faces": {
				"north": {"uv": [7.25, 6.25, 11.25, 7.5], "texture": "#Grenade"},
				"east": {"uv": [5.5, 6.25, 9.5, 7.5], "texture": "#Grenade"},
				"south": {"uv": [7.25, 6.25, 11.25, 7.5], "texture": "#Grenade"},
				"west": {"uv": [5.5, 6.25, 9.5, 7.5], "texture": "#Grenade"},
				"up": {"uv": [8.75, 6.5, 12.75, 7.5], "texture": "#Grenade"}
			}
		},
		{
			"from": [6, 5.75, 6],
			"to": [10, 6, 10],
			"faces": {
				"north": {"uv": [7.25, 6.25, 11.25, 7.5], "texture": "#Grenade"},
				"east": {"uv": [5.5, 6.25, 9.5, 7.5], "texture": "#Grenade"},
				"south": {"uv": [7.25, 6.25, 11.25, 7.5], "texture": "#Grenade"},
				"west": {"uv": [5.5, 6.25, 9.5, 7.5], "texture": "#Grenade"}
			}
		},
		{
			"from": [6.75, 7.5, 6.75],
			"to": [9.25, 7.75, 9.25],
			"faces": {
				"north": {"uv": [7.25, 6.25, 11.25, 7.5], "texture": "#Grenade"},
				"east": {"uv": [5.5, 6.25, 9.5, 7.5], "texture": "#Grenade"},
				"south": {"uv": [7.25, 6.25, 11.25, 7.5], "texture": "#Grenade"},
				"west": {"uv": [5.5, 6.25, 9.5, 7.5], "texture": "#Grenade"},
				"up": {"uv": [8.75, 6.5, 12.75, 7.5], "texture": "#Grenade"}
			}
		},
		{
			"from": [7.5, 7.75, 7.5],
			"to": [8.5, 8.25, 8.5],
			"faces": {
				"north": {"uv": [8, 10.25, 9, 10.75], "texture": "#Grenade"},
				"east": {"uv": [7, 9.5, 8, 10], "texture": "#Grenade"},
				"south": {"uv": [8, 10.25, 9, 10.75], "texture": "#Grenade"},
				"west": {"uv": [7, 9.5, 8, 10], "texture": "#Grenade"}
			}
		},
		{
			"from": [6.5, 3.75, 6.5],
			"to": [9.5, 4, 9.5],
			"faces": {
				"north": {"uv": [7.25, 6.25, 11.25, 7.5], "texture": "#Grenade"},
				"east": {"uv": [5.5, 6.25, 9.5, 7.5], "texture": "#Grenade"},
				"south": {"uv": [7.25, 6.25, 11.25, 7.5], "texture": "#Grenade"},
				"west": {"uv": [5.5, 6.25, 9.5, 7.5], "texture": "#Grenade"},
				"down": {"uv": [8.75, 6.5, 12.75, 7.5], "texture": "#Grenade"}
			}
		},
		{
			"from": [6, 6, 6],
			"to": [10, 6.5, 10],
			"faces": {
				"north": {"uv": [6.5, 12.75, 10.5, 13.25], "texture": "#Grenade"},
				"east": {"uv": [6.5, 12.5, 10.5, 13], "texture": "#Grenade"},
				"south": {"uv": [6.5, 12.75, 10.5, 13.25], "texture": "#Grenade"},
				"west": {"uv": [6.5, 12.5, 10.5, 13], "texture": "#Grenade"},
				"up": {"uv": [7, 13.75, 11.25, 15.75], "texture": "#Grenade"}
			}
		},
		{
			"from": [6.75, 3.5, 7],
			"to": [9.25, 3.75, 9],
			"faces": {
				"north": {"uv": [7.25, 6.25, 11.25, 7.5], "texture": "#Grenade"},
				"east": {"uv": [5.5, 6.25, 9.5, 7.5], "texture": "#Grenade"},
				"south": {"uv": [7.25, 6.25, 11.25, 7.5], "texture": "#Grenade"},
				"west": {"uv": [5.5, 6.25, 9.5, 7.5], "texture": "#Grenade"},
				"down": {"uv": [8.75, 6.5, 12.75, 7.5], "texture": "#Grenade"}
			}
		},
		{
			"from": [8, 9.25, 7.75],
			"to": [9, 9.75, 8.25],
			"faces": {
				"north": {"uv": [8, 10.25, 9, 10.75], "texture": "#Grenade"},
				"east": {"uv": [7, 9.5, 8, 10], "texture": "#Grenade"},
				"south": {"uv": [8, 10.25, 9, 10.75], "texture": "#Grenade"},
				"west": {"uv": [7, 9.5, 8, 10], "texture": "#Grenade"},
				"up": {"uv": [7.75, 9.5, 8.75, 10.5], "texture": "#Grenade"},
				"down": {"uv": [7.75, 9.5, 8.75, 10.5], "texture": "#Grenade"}
			}
		},
		{
			"from": [5.25, 3.5, 7.75],
			"to": [5.75, 7.25, 8.25],
			"faces": {
				"north": {"uv": [8, 10.25, 9, 10.75], "texture": "#Grenade"},
				"east": {"uv": [7, 9.5, 8, 10], "texture": "#Grenade"},
				"south": {"uv": [8, 10.25, 9, 10.75], "texture": "#Grenade"},
				"west": {"uv": [7, 9.5, 8, 10], "texture": "#Grenade"},
				"up": {"uv": [7.75, 9.5, 8.75, 10.5], "texture": "#Grenade"}
			}
		},
		{
			"from": [5.25, 3, 7.75],
			"to": [5.75, 3.5, 8.25],
			"rotation": {"angle": 45, "axis": "z", "origin": [5.25, 3.5, 7.75]},
			"faces": {
				"north": {"uv": [8, 10.25, 9, 10.75], "texture": "#Grenade"},
				"east": {"uv": [7, 9.5, 8, 10], "texture": "#Grenade"},
				"south": {"uv": [8, 10.25, 9, 10.75], "texture": "#Grenade"},
				"west": {"uv": [7, 9.5, 8, 10], "texture": "#Grenade"},
				"down": {"uv": [7.75, 9.5, 8.75, 10.5], "texture": "#Grenade"}
			}
		},
		{
			"from": [7.5, 6.25, 7.75],
			"to": [8, 9.5, 8.25],
			"rotation": {"angle": -45, "axis": "z", "origin": [7.5, 9.5, 7.75]},
			"faces": {
				"north": {"uv": [8, 10.25, 9, 10.75], "texture": "#Grenade"},
				"east": {"uv": [7, 9.5, 8, 10], "texture": "#Grenade"},
				"south": {"uv": [8, 10.25, 9, 10.75], "texture": "#Grenade"},
				"west": {"uv": [7, 9.5, 8, 10], "texture": "#Grenade"},
				"up": {"uv": [7.75, 9.5, 8.75, 10.5], "texture": "#Grenade"},
				"down": {"uv": [7.75, 9.5, 8.75, 10.5], "texture": "#Grenade"}
			}
		}
	],
	"display": {
		"thirdperson_righthand": {
			"rotation": [93, 26, 0],
			"translation": [0, 0.75, 0]
		},
		"firstperson_righthand": {
			"translation": [2.5, 2.25, 0]
		},
		"ground": {
			"translation": [0, 4, 0],
			"scale": [2, 2, 2]
		},
		"gui": {
			"rotation": [-10, 153, 1],
			"translation": [-1.1, 2.1, 1.4],
			"scale": [3.2, 3.2, 3.2]
		},
		"head": {
			"rotation": [139, 0, 0],
			"translation": [0, 4.3, 0]
		},
		"fixed": {
			"translation": [0, 3.5, 3],
			"scale": [4, 4, 4]
		}
	}
}