{
	"credit": "quiktori",
	"textures": {
		"texture": "items/bomb_off"
	},
	"elements": [
		{
			"from": [1, 0, 6.5],
			"to": [15, 3, 9.5],
			"faces": {
				"north": {"uv": [2.5, 6, 6.5, 15.5], "rotation": 270, "texture": "#texture"},
				"east": {"uv": [2.5, 8.5, 5, 11], "texture": "#texture"},
				"south": {"uv": [2.5, 6, 6.5, 15.5], "texture": "#texture"},
				"west": {"uv": [2.5, 8.5, 5, 11], "rotation": 270, "texture": "#texture"},
				"up": {"uv": [0.5, 6, 4.5, 15.5], "rotation": 270, "texture": "#texture"},
				"down": {"uv": [2.5, 6, 6.5, 15.5], "rotation": 90, "texture": "#texture"}
			}
		},
		{
			"from": [1, 0, 9.5],
			"to": [15, 3, 12.5],
			"faces": {
				"north": {"uv": [2.5, 6, 6.5, 15.5], "rotation": 270, "texture": "#texture"},
				"east": {"uv": [2.5, 8.5, 5, 11], "texture": "#texture"},
				"south": {"uv": [2.5, 6, 6.5, 15.5], "rotation": 90, "texture": "#texture"},
				"west": {"uv": [2.5, 8.5, 5, 11], "rotation": 270, "texture": "#texture"},
				"up": {"uv": [0.5, 6, 4.5, 15.5], "rotation": 270, "texture": "#texture"},
				"down": {"uv": [2.5, 6, 6.5, 15.5], "rotation": 90, "texture": "#texture"}
			}
		},
		{
			"from": [1, 0, 3.5],
			"to": [15, 3, 6.5],
			"faces": {
				"north": {"uv": [2.5, 6, 6.5, 15.5], "rotation": 270, "texture": "#texture"},
				"east": {"uv": [2.5, 8.5, 5, 11], "texture": "#texture"},
				"south": {"uv": [2.5, 6, 6.5, 15.5], "texture": "#texture"},
				"west": {"uv": [2.5, 8.5, 5, 11], "rotation": 270, "texture": "#texture"},
				"up": {"uv": [0.5, 6, 4.5, 15.5], "rotation": 270, "texture": "#texture"},
				"down": {"uv": [2.5, 6, 6.5, 15.5], "rotation": 90, "texture": "#texture"}
			}
		},
		{
			"from": [5.5, 0.5, 12.5],
			"to": [8, 2, 13.5],
			"faces": {
				"north": {"uv": [9.5, 6, 12, 12], "rotation": 90, "texture": "#texture"},
				"east": {"uv": [9.5, 8, 12, 10.5], "texture": "#texture"},
				"south": {"uv": [9.5, 6, 12, 12], "rotation": 270, "texture": "#texture"},
				"west": {"uv": [9.5, 6, 12, 7.5], "texture": "#texture"},
				"up": {"uv": [9.5, 6, 12, 12], "rotation": 270, "texture": "#texture"},
				"down": {"uv": [9.5, 6, 12, 12], "rotation": 270, "texture": "#texture"}
			}
		},
		{
			"from": [2, 3, 5],
			"to": [14, 3.5, 11],
			"faces": {
				"north": {"uv": [7, 0, 8, 0.5], "texture": "#texture"},
				"east": {"uv": [7, 0, 8, 1], "texture": "#texture"},
				"south": {"uv": [7, 0, 8, 0.5], "texture": "#texture"},
				"west": {"uv": [7, 0, 8, 1], "texture": "#texture"},
				"up": {"uv": [7, 0, 8, 1.5], "texture": "#texture"},
				"down": {"uv": [7, 0, 8, 1.5], "texture": "#texture"}
			}
		},
		{
			"from": [2.5, 3.5, 5.5],
			"to": [4, 4, 10],
			"faces": {
				"north": {"uv": [0, 3, 3.5, 3], "texture": "#texture"},
				"east": {"uv": [0, 3, 4.5, 3], "texture": "#texture"},
				"south": {"uv": [0, 3, 3.5, 3], "texture": "#texture"},
				"west": {"uv": [0, 3, 4.5, 3], "texture": "#texture"},
				"up": {"uv": [0, 3, 4.5, 4.5], "rotation": 270, "texture": "#texture"},
				"down": {"uv": [0, 3, 4, 3], "texture": "#texture"}
			}
		},
		{
			"from": [7, 3.5, 5.5],
			"to": [13.5, 4, 10.5],
			"faces": {
				"north": {"uv": [12.5, 0, 13.5, 0.5], "texture": "#texture"},
				"east": {"uv": [12.5, 0, 13.5, 0.5], "texture": "#texture"},
				"south": {"uv": [12.5, 0, 13.5, 0.5], "texture": "#texture"},
				"west": {"uv": [12.5, 0, 13.5, 0.5], "texture": "#texture"},
				"up": {"uv": [12.5, 0, 13.5, 1], "texture": "#texture"},
				"down": {"uv": [12.5, 0, 13.5, 1], "texture": "#texture"}
			}
		},
		{
			"from": [7.5, 3.5, 6],
			"to": [8.5, 4.5, 7],
			"faces": {
				"north": {"uv": [15.5, 0, 16, 0.5], "texture": "#texture"},
				"east": {"uv": [15.5, 0, 16, 0.5], "texture": "#texture"},
				"south": {"uv": [15.5, 0, 16, 0.5], "texture": "#texture"},
				"west": {"uv": [15.5, 0, 16, 0.5], "texture": "#texture"},
				"up": {"uv": [1, 0, 1.5, 0.5], "rotation": 270, "texture": "#texture"},
				"down": {"uv": [15.5, 0, 16, 0.5], "texture": "#texture"}
			}
		},
		{
			"from": [7.5, 3.5, 7.5],
			"to": [8.5, 4.5, 8.5],
			"faces": {
				"north": {"uv": [15.5, 0, 16, 0.5], "texture": "#texture"},
				"east": {"uv": [15.5, 0, 16, 0.5], "texture": "#texture"},
				"south": {"uv": [15.5, 0, 16, 0.5], "texture": "#texture"},
				"west": {"uv": [15.5, 0, 16, 0.5], "texture": "#texture"},
				"up": {"uv": [0.5, 0, 1, 0.5], "rotation": 270, "texture": "#texture"},
				"down": {"uv": [15.5, 0, 16, 0.5], "texture": "#texture"}
			}
		},
		{
			"from": [7.5, 3.5, 9],
			"to": [8.5, 4.5, 10],
			"faces": {
				"north": {"uv": [15.5, 0, 16, 0.5], "texture": "#texture"},
				"east": {"uv": [15.5, 0, 16, 0.5], "texture": "#texture"},
				"south": {"uv": [15.5, 0, 16, 0.5], "texture": "#texture"},
				"west": {"uv": [15.5, 0, 16, 0.5], "texture": "#texture"},
				"up": {"uv": [0, 0, 0.5, 0.5], "rotation": 270, "texture": "#texture"},
				"down": {"uv": [15.5, 0, 16, 0.5], "texture": "#texture"}
			}
		},
		{
			"from": [9, 3.5, 6],
			"to": [10, 4.5, 7],
			"faces": {
				"north": {"uv": [15.5, 0, 16, 0.5], "texture": "#texture"},
				"east": {"uv": [15.5, 0, 16, 0.5], "texture": "#texture"},
				"south": {"uv": [15.5, 0, 16, 0.5], "texture": "#texture"},
				"west": {"uv": [15.5, 0, 16, 0.5], "texture": "#texture"},
				"up": {"uv": [1, 0.5, 1.5, 1], "rotation": 270, "texture": "#texture"},
				"down": {"uv": [15.5, 0, 16, 0.5], "texture": "#texture"}
			}
		},
		{
			"from": [10.5, 3.5, 6],
			"to": [11.5, 4.5, 7],
			"faces": {
				"north": {"uv": [15.5, 0, 16, 0.5], "texture": "#texture"},
				"east": {"uv": [15.5, 0, 16, 0.5], "texture": "#texture"},
				"south": {"uv": [15.5, 0, 16, 0.5], "texture": "#texture"},
				"west": {"uv": [15.5, 0, 16, 0.5], "texture": "#texture"},
				"up": {"uv": [1, 1, 1.5, 1.5], "rotation": 270, "texture": "#texture"},
				"down": {"uv": [15.5, 0, 16, 0.5], "texture": "#texture"}
			}
		},
		{
			"from": [12, 3.5, 6],
			"to": [13, 4.5, 7],
			"faces": {
				"north": {"uv": [15.5, 0, 16, 0.5], "texture": "#texture"},
				"east": {"uv": [15.5, 0, 16, 0.5], "texture": "#texture"},
				"south": {"uv": [15.5, 0, 16, 0.5], "texture": "#texture"},
				"west": {"uv": [15.5, 0, 16, 0.5], "texture": "#texture"},
				"up": {"uv": [1, 1.5, 1.5, 2], "rotation": 270, "texture": "#texture"},
				"down": {"uv": [15.5, 0, 16, 0.5], "texture": "#texture"}
			}
		},
		{
			"from": [9, 3.5, 7.5],
			"to": [10, 4.5, 8.5],
			"faces": {
				"north": {"uv": [15.5, 0, 16, 0.5], "texture": "#texture"},
				"east": {"uv": [15.5, 0, 16, 0.5], "texture": "#texture"},
				"south": {"uv": [15.5, 0, 16, 0.5], "texture": "#texture"},
				"west": {"uv": [15.5, 0, 16, 0.5], "texture": "#texture"},
				"up": {"uv": [0.5, 0.5, 1, 1], "rotation": 270, "texture": "#texture"},
				"down": {"uv": [15.5, 0, 16, 0.5], "texture": "#texture"}
			}
		},
		{
			"from": [10.5, 3.5, 7.5],
			"to": [11.5, 4.5, 8.5],
			"faces": {
				"north": {"uv": [15.5, 0, 16, 0.5], "texture": "#texture"},
				"east": {"uv": [15.5, 0, 16, 0.5], "texture": "#texture"},
				"south": {"uv": [15.5, 0, 16, 0.5], "texture": "#texture"},
				"west": {"uv": [15.5, 0, 16, 0.5], "texture": "#texture"},
				"up": {"uv": [0.5, 1, 1, 1.5], "rotation": 270, "texture": "#texture"},
				"down": {"uv": [15.5, 0, 16, 0.5], "texture": "#texture"}
			}
		},
		{
			"from": [12, 3.5, 7.5],
			"to": [13, 4.5, 8.5],
			"faces": {
				"north": {"uv": [15.5, 0, 16, 0.5], "texture": "#texture"},
				"east": {"uv": [15.5, 0, 16, 0.5], "texture": "#texture"},
				"south": {"uv": [15.5, 0, 16, 0.5], "texture": "#texture"},
				"west": {"uv": [15.5, 0, 16, 0.5], "texture": "#texture"},
				"up": {"uv": [0.5, 1.5, 1, 2], "rotation": 270, "texture": "#texture"},
				"down": {"uv": [15.5, 0, 16, 0.5], "texture": "#texture"}
			}
		},
		{
			"from": [9, 3.5, 9],
			"to": [10, 4.5, 10],
			"faces": {
				"north": {"uv": [15.5, 0, 16, 0.5], "texture": "#texture"},
				"east": {"uv": [15.5, 0, 16, 0.5], "texture": "#texture"},
				"south": {"uv": [15.5, 0, 16, 0.5], "texture": "#texture"},
				"west": {"uv": [15.5, 0, 16, 0.5], "texture": "#texture"},
				"up": {"uv": [0, 0.5, 0.5, 1], "rotation": 270, "texture": "#texture"},
				"down": {"uv": [15.5, 0, 16, 0.5], "texture": "#texture"}
			}
		},
		{
			"from": [10.5, 3.5, 9],
			"to": [11.5, 4.5, 10],
			"faces": {
				"north": {"uv": [15.5, 0, 16, 0.5], "texture": "#texture"},
				"east": {"uv": [15.5, 0, 16, 0.5], "texture": "#texture"},
				"south": {"uv": [15.5, 0, 16, 0.5], "texture": "#texture"},
				"west": {"uv": [15.5, 0, 16, 0.5], "texture": "#texture"},
				"up": {"uv": [0, 1, 0.5, 1.5], "rotation": 270, "texture": "#texture"},
				"down": {"uv": [15.5, 0, 16, 0.5], "texture": "#texture"}
			}
		},
		{
			"from": [12, 3.5, 9],
			"to": [13, 4.5, 10],
			"faces": {
				"north": {"uv": [15.5, 0, 16, 0.5], "texture": "#texture"},
				"east": {"uv": [15.5, 0, 16, 0.5], "texture": "#texture"},
				"south": {"uv": [15.5, 0, 16, 0.5], "texture": "#texture"},
				"west": {"uv": [15.5, 0, 16, 0.5], "texture": "#texture"},
				"up": {"uv": [0, 1.5, 0.5, 2], "rotation": 270, "texture": "#texture"},
				"down": {"uv": [15.5, 0, 16, 0.5], "texture": "#texture"}
			}
		},
		{
			"from": [5.5, 3, 6],
			"to": [6, 4.5, 6.5],
			"faces": {
				"north": {"uv": [15.5, 0, 16, 1.5], "texture": "#texture"},
				"east": {"uv": [15.5, 0, 16, 1.5], "texture": "#texture"},
				"south": {"uv": [5.5, 0, 6, 1.5], "texture": "#texture"},
				"west": {"uv": [15.5, 0, 16, 1.5], "texture": "#texture"},
				"up": {"uv": [5.5, 0, 6, 0.5], "texture": "#texture"},
				"down": {"uv": [16, 0.5, 15.5, 0], "texture": "#texture"}
			}
		},
		{
			"from": [5.5, 3, 7],
			"to": [6, 4.5, 7.5],
			"faces": {
				"north": {"uv": [15.5, 0, 16, 1.5], "texture": "#texture"},
				"east": {"uv": [5.5, 0, 6, 1.5], "texture": "#texture"},
				"south": {"uv": [15.5, 0, 16, 1.5], "texture": "#texture"},
				"west": {"uv": [15.5, 0, 16, 1.5], "texture": "#texture"},
				"up": {"uv": [6, 0, 6.5, 0.5], "texture": "#texture"},
				"down": {"uv": [16, 0.5, 15.5, 0], "texture": "#texture"}
			}
		},
		{
			"from": [0, 2, 6],
			"to": [1, 2.5, 6.5],
			"faces": {
				"north": {"uv": [15.5, 0, 16, 0.5], "texture": "#texture"},
				"east": {"uv": [15.5, 0, 16, 0.5], "texture": "#texture"},
				"south": {"uv": [15.5, 0, 16, 0.5], "texture": "#texture"},
				"west": {"uv": [15.5, 0, 16, 0.5], "texture": "#texture"},
				"up": {"uv": [15.5, 0, 16, 0.5], "texture": "#texture"},
				"down": {"uv": [15.5, 0, 16, 0.5], "texture": "#texture"}
			}
		},
		{
			"from": [0, 2, 4.5],
			"to": [1, 2.5, 5],
			"faces": {
				"north": {"uv": [9.5, 0, 10, 0.5], "texture": "#texture"},
				"east": {"uv": [9.5, 0, 10, 0.5], "texture": "#texture"},
				"south": {"uv": [9.5, 0, 10, 0.5], "texture": "#texture"},
				"west": {"uv": [9.5, 0, 10, 0.5], "texture": "#texture"},
				"up": {"uv": [9.5, 0, 10, 0.5], "texture": "#texture"},
				"down": {"uv": [9.5, 0, 10, 0.5], "texture": "#texture"}
			}
		},
		{
			"from": [0, 2, 11],
			"to": [1, 2.5, 11.5],
			"faces": {
				"north": {"uv": [11, 0, 11.5, 0.5], "texture": "#texture"},
				"east": {"uv": [11, 0, 11.5, 0.5], "texture": "#texture"},
				"south": {"uv": [11, 0, 11.5, 0.5], "texture": "#texture"},
				"west": {"uv": [11, 0, 11.5, 0.5], "texture": "#texture"},
				"up": {"uv": [11, 0, 11.5, 0.5], "texture": "#texture"},
				"down": {"uv": [11, 0, 11.5, 0.5], "texture": "#texture"}
			}
		},
		{
			"from": [5, 0.5, 12.5],
			"to": [5.5, 2, 13.5],
			"faces": {
				"north": {"uv": [15.5, 0, 16, 0.5], "texture": "#texture"},
				"east": {"uv": [15.5, 0, 16, 0.5], "texture": "#texture"},
				"south": {"uv": [15.5, 0, 16, 0.5], "texture": "#texture"},
				"west": {"uv": [15.5, 0, 16, 0.5], "texture": "#texture"},
				"up": {"uv": [15.5, 0, 16, 0.5], "texture": "#texture"},
				"down": {"uv": [15.5, 0, 16, 0.5], "texture": "#texture"}
			}
		},
		{
			"from": [5.25, 2, 12.5],
			"to": [5.3125, 4.5, 12.5625],
			"faces": {
				"north": {"uv": [15.5, 0, 16, 0.5], "texture": "#texture"},
				"east": {"uv": [15.5, 0, 16, 0.5], "texture": "#texture"},
				"south": {"uv": [15.5, 0, 16, 0.5], "texture": "#texture"},
				"west": {"uv": [15.5, 0, 16, 0.5], "texture": "#texture"},
				"up": {"uv": [15.5, 0, 16, 0.5], "texture": "#texture"},
				"down": {"uv": [15.5, 0, 16, 0.5], "texture": "#texture"}
			}
		},
		{
			"from": [5.25, 4.4375, 10.5],
			"to": [5.3125, 4.5, 12.5],
			"faces": {
				"north": {"uv": [15.5, 0, 16, 0.5], "texture": "#texture"},
				"east": {"uv": [15.5, 0, 16, 0.5], "texture": "#texture"},
				"south": {"uv": [15.5, 0, 16, 0.5], "texture": "#texture"},
				"west": {"uv": [15.5, 0, 16, 0.5], "texture": "#texture"},
				"up": {"uv": [15.5, 0, 16, 0.5], "texture": "#texture"},
				"down": {"uv": [15.5, 0, 16, 0.5], "texture": "#texture"}
			}
		},
		{
			"from": [5, 3.5, 10],
			"to": [5.5, 4, 10.5],
			"faces": {
				"north": {"uv": [8.5, 0, 9, 0.5], "texture": "#texture"},
				"east": {"uv": [8.5, 0, 9, 0.5], "texture": "#texture"},
				"south": {"uv": [8.5, 0, 9, 0.5], "texture": "#texture"},
				"west": {"uv": [8.5, 0, 9, 0.5], "texture": "#texture"},
				"up": {"uv": [8.5, 0, 9, 0.5], "texture": "#texture"},
				"down": {"uv": [8.5, 0, 9, 0.5], "texture": "#texture"}
			}
		},
		{
			"from": [5.25, 4.9375, 10],
			"to": [5.3125, 5, 13],
			"faces": {
				"north": {"uv": [11, 0, 11.5, 0.5], "texture": "#texture"},
				"east": {"uv": [11, 0, 11.5, 0.5], "texture": "#texture"},
				"south": {"uv": [11, 0, 11.5, 0.5], "texture": "#texture"},
				"west": {"uv": [11, 0, 11.5, 0.5], "texture": "#texture"},
				"up": {"uv": [11, 0, 11.5, 0.5], "texture": "#texture"},
				"down": {"uv": [11, 0, 11.5, 0.5], "texture": "#texture"}
			}
		},
		{
			"from": [5.25, 2, 13],
			"to": [5.3125, 5, 13.0625],
			"faces": {
				"north": {"uv": [11, 0, 11.5, 0.5], "texture": "#texture"},
				"east": {"uv": [11, 0, 11.5, 0.5], "texture": "#texture"},
				"south": {"uv": [11, 0, 11.5, 0.5], "texture": "#texture"},
				"west": {"uv": [11, 0, 11.5, 0.5], "texture": "#texture"},
				"up": {"uv": [11, 0, 11.5, 0.5], "texture": "#texture"},
				"down": {"uv": [11, 0, 11.5, 0.5], "texture": "#texture"}
			}
		},
		{
			"from": [5.25, 4, 10],
			"to": [5.3125, 5, 10.0625],
			"faces": {
				"north": {"uv": [11, 0, 11.5, 0.5], "texture": "#texture"},
				"east": {"uv": [11, 0, 11.5, 0.5], "texture": "#texture"},
				"south": {"uv": [11, 0, 11.5, 0.5], "texture": "#texture"},
				"west": {"uv": [11, 0, 11.5, 0.5], "texture": "#texture"},
				"up": {"uv": [11, 0, 11.5, 0.5], "texture": "#texture"},
				"down": {"uv": [11, 0, 11.5, 0.5], "texture": "#texture"}
			}
		},
		{
			"from": [5.25, 4, 10.43],
			"to": [5.3125, 4.5, 10.4925],
			"faces": {
				"north": {"uv": [15.5, 0, 16, 0.5], "texture": "#texture"},
				"east": {"uv": [15.5, 0, 16, 0.5], "texture": "#texture"},
				"south": {"uv": [15.5, 0, 16, 0.5], "texture": "#texture"},
				"west": {"uv": [15.5, 0, 16, 0.5], "texture": "#texture"},
				"up": {"uv": [15.5, 0, 16, 0.5], "texture": "#texture"},
				"down": {"uv": [15.5, 0, 16, 0.5], "texture": "#texture"}
			}
		},
		{
			"from": [11.5, 3.5, 10.5],
			"to": [12.5, 3.5625, 11.5],
			"faces": {
				"north": {"uv": [2.5, 0, 3, 0.5], "texture": "#texture"},
				"east": {"uv": [2.5, 0, 3, 0.5], "texture": "#texture"},
				"south": {"uv": [2.5, 0, 3, 0.5], "texture": "#texture"},
				"west": {"uv": [2.5, 0, 3, 0.5], "texture": "#texture"},
				"up": {"uv": [1.5, 2, 3.5, 3], "rotation": 270, "texture": "#texture"},
				"down": {"uv": [1.5, 2, 2.5, 3], "texture": "#texture"}
			}
		},
		{
			"from": [7.5, 3.5, 10.5],
			"to": [8.5, 3.5625, 11.5],
			"faces": {
				"north": {"uv": [2.5, 0, 3, 0.5], "texture": "#texture"},
				"east": {"uv": [2.5, 0, 3, 0.5], "texture": "#texture"},
				"south": {"uv": [2.5, 0, 3, 0.5], "texture": "#texture"},
				"west": {"uv": [2.5, 0, 3, 0.5], "texture": "#texture"},
				"up": {"uv": [1.5, 1, 2.5, 3], "texture": "#texture"},
				"down": {"uv": [1.5, 2, 3.5, 3], "texture": "#texture"}
			}
		},
		{
			"from": [8.5, 3.5, 11],
			"to": [11.5, 3.5625, 11.5],
			"faces": {
				"north": {"uv": [2.5, 0, 3, 0.5], "texture": "#texture"},
				"east": {"uv": [2.5, 0, 3, 0.5], "texture": "#texture"},
				"south": {"uv": [2.5, 0, 3, 0.5], "texture": "#texture"},
				"west": {"uv": [2.5, 0, 3, 0.5], "texture": "#texture"},
				"up": {"uv": [1.5, 0, 2.5, 2], "rotation": 270, "texture": "#texture"},
				"down": {"uv": [1.5, 0, 2.5, 2], "texture": "#texture"}
			}
		},
		{
			"from": [4, 3.5, 8],
			"to": [7, 3.5625, 9],
			"faces": {
				"north": {"uv": [2.5, 0, 3, 0.5], "texture": "#texture"},
				"east": {"uv": [2.5, 0, 3, 0.5], "texture": "#texture"},
				"south": {"uv": [2.5, 0, 3, 0.5], "texture": "#texture"},
				"west": {"uv": [2.5, 0, 3, 0.5], "texture": "#texture"},
				"up": {"uv": [1.5, 0, 2.5, 2], "rotation": 90, "texture": "#texture"},
				"down": {"uv": [1.5, 0, 2.5, 2], "texture": "#texture"}
			}
		},
		{
			"from": [-0.5, 3.4375, 2.5],
			"to": [11.5, 3.5, 2.5625],
			"faces": {
				"north": {"uv": [9.5, 0, 10, 0.5], "texture": "#texture"},
				"east": {"uv": [9.5, 0, 10, 0.5], "texture": "#texture"},
				"south": {"uv": [9.5, 0, 10, 0.5], "texture": "#texture"},
				"west": {"uv": [9.5, 0, 10, 0.5], "texture": "#texture"},
				"up": {"uv": [9.5, 0, 10, 0.5], "texture": "#texture"},
				"down": {"uv": [9.5, 0, 10, 0.5], "texture": "#texture"}
			}
		},
		{
			"from": [-0.5, 2.3, 4.75],
			"to": [0.5, 2.3625, 4.8125],
			"faces": {
				"north": {"uv": [9.5, 0, 10, 0.5], "texture": "#texture"},
				"east": {"uv": [9.5, 0, 10, 0.5], "texture": "#texture"},
				"south": {"uv": [9.5, 0, 10, 0.5], "texture": "#texture"},
				"west": {"uv": [9.5, 0, 10, 0.5], "texture": "#texture"},
				"up": {"uv": [9.5, 0, 10, 0.5], "texture": "#texture"},
				"down": {"uv": [9.5, 0, 10, 0.5], "texture": "#texture"}
			}
		},
		{
			"from": [-0.5, 3.4375, 2.5],
			"to": [-0.4375, 3.5, 4.8],
			"faces": {
				"north": {"uv": [9.5, 0, 10, 0.5], "texture": "#texture"},
				"east": {"uv": [9.5, 0, 10, 0.5], "texture": "#texture"},
				"south": {"uv": [9.5, 0, 10, 0.5], "texture": "#texture"},
				"west": {"uv": [9.5, 0, 10, 0.5], "texture": "#texture"},
				"up": {"uv": [9.5, 0, 10, 0.5], "texture": "#texture"},
				"down": {"uv": [9.5, 0, 10, 0.5], "texture": "#texture"}
			}
		},
		{
			"from": [-0.5, 2.3, 4.75],
			"to": [-0.4375, 3.5, 4.8125],
			"faces": {
				"north": {"uv": [9.5, 0, 10, 0.5], "texture": "#texture"},
				"east": {"uv": [9.5, 0, 10, 0.5], "texture": "#texture"},
				"south": {"uv": [9.5, 0, 10, 0.5], "texture": "#texture"},
				"west": {"uv": [9.5, 0, 10, 0.5], "texture": "#texture"},
				"up": {"uv": [9.5, 0, 10, 0.5], "texture": "#texture"},
				"down": {"uv": [9.5, 0, 10, 0.5], "texture": "#texture"}
			}
		},
		{
			"from": [11.5, 3.4375, 2.5],
			"to": [11.5625, 3.5, 6],
			"faces": {
				"north": {"uv": [9.5, 0, 10, 0.5], "texture": "#texture"},
				"east": {"uv": [9.5, 0, 10, 0.5], "texture": "#texture"},
				"south": {"uv": [9.5, 0, 10, 0.5], "texture": "#texture"},
				"west": {"uv": [9.5, 0, 10, 0.5], "texture": "#texture"},
				"up": {"uv": [9.5, 0, 10, 0.5], "texture": "#texture"},
				"down": {"uv": [9.5, 0, 10, 0.5], "texture": "#texture"}
			}
		},
		{
			"from": [11, 3.4375, 3],
			"to": [11.0625, 3.5, 6],
			"faces": {
				"north": {"uv": [15.5, 0, 16, 0.5], "texture": "#texture"},
				"east": {"uv": [15.5, 0, 16, 0.5], "texture": "#texture"},
				"south": {"uv": [15.5, 0, 16, 0.5], "texture": "#texture"},
				"west": {"uv": [15.5, 0, 16, 0.5], "texture": "#texture"},
				"up": {"uv": [15.5, 0, 16, 0.5], "texture": "#texture"},
				"down": {"uv": [15.5, 0, 16, 0.5], "texture": "#texture"}
			}
		},
		{
			"from": [0, 3.4375, 3],
			"to": [11, 3.5, 3.0625],
			"faces": {
				"north": {"uv": [15.5, 0, 16, 0.5], "texture": "#texture"},
				"east": {"uv": [15.5, 0, 16, 0.5], "texture": "#texture"},
				"south": {"uv": [15.5, 0, 16, 0.5], "texture": "#texture"},
				"west": {"uv": [15.5, 0, 16, 0.5], "texture": "#texture"},
				"up": {"uv": [15.5, 0, 16, 0.5], "texture": "#texture"},
				"down": {"uv": [15.5, 0, 16, 0.5], "texture": "#texture"}
			}
		},
		{
			"from": [0, 3.4375, 3],
			"to": [0.0625, 3.5, 6.2],
			"faces": {
				"north": {"uv": [15.5, 0, 16, 0.5], "texture": "#texture"},
				"east": {"uv": [15.5, 0, 16, 0.5], "texture": "#texture"},
				"south": {"uv": [15.5, 0, 16, 0.5], "texture": "#texture"},
				"west": {"uv": [15.5, 0, 16, 0.5], "texture": "#texture"},
				"up": {"uv": [15.5, 0, 16, 0.5], "texture": "#texture"},
				"down": {"uv": [15.5, 0, 16, 0.5], "texture": "#texture"}
			}
		},
		{
			"from": [0, 2.5, 6.2],
			"to": [0.0625, 3.5, 6.2625],
			"faces": {
				"north": {"uv": [15.5, 0, 16, 0.5], "texture": "#texture"},
				"east": {"uv": [15.5, 0, 16, 0.5], "texture": "#texture"},
				"south": {"uv": [15.5, 0, 16, 0.5], "texture": "#texture"},
				"west": {"uv": [15.5, 0, 16, 0.5], "texture": "#texture"},
				"up": {"uv": [15.5, 0, 16, 0.5], "texture": "#texture"},
				"down": {"uv": [15.5, 0, 16, 0.5], "texture": "#texture"}
			}
		},
		{
			"from": [-0.5, 2.3, 11.25],
			"to": [0, 2.3625, 11.3125],
			"faces": {
				"north": {"uv": [11, 0, 11.5, 0.5], "texture": "#texture"},
				"east": {"uv": [11, 0, 11.5, 0.5], "texture": "#texture"},
				"south": {"uv": [11, 0, 11.5, 0.5], "texture": "#texture"},
				"west": {"uv": [11, 0, 11.5, 0.5], "texture": "#texture"},
				"up": {"uv": [11, 0, 11.5, 0.5], "texture": "#texture"},
				"down": {"uv": [11, 0, 11.5, 0.5], "texture": "#texture"}
			}
		},
		{
			"from": [-0.5, 2.3, 11.25],
			"to": [-0.4375, 3.5, 11.3125],
			"faces": {
				"north": {"uv": [11, 0, 11.5, 0.5], "texture": "#texture"},
				"east": {"uv": [11, 0, 11.5, 0.5], "texture": "#texture"},
				"south": {"uv": [11, 0, 11.5, 0.5], "texture": "#texture"},
				"west": {"uv": [11, 0, 11.5, 0.5], "texture": "#texture"},
				"up": {"uv": [11, 0, 11.5, 0.5], "texture": "#texture"},
				"down": {"uv": [11, 0, 11.5, 0.5], "texture": "#texture"}
			}
		},
		{
			"from": [-0.5, 3.4375, 11.25],
			"to": [1, 3.5, 11.3125],
			"faces": {
				"north": {"uv": [11, 0, 11.5, 0.5], "texture": "#texture"},
				"east": {"uv": [11, 0, 11.5, 0.5], "texture": "#texture"},
				"south": {"uv": [11, 0, 11.5, 0.5], "texture": "#texture"},
				"west": {"uv": [11, 0, 11.5, 0.5], "texture": "#texture"},
				"up": {"uv": [11, 0, 11.5, 0.5], "texture": "#texture"},
				"down": {"uv": [11, 0, 11.5, 0.5], "texture": "#texture"}
			}
		},
		{
			"from": [1, 3.4375, 4],
			"to": [1.0625, 3.5, 11.25],
			"faces": {
				"north": {"uv": [11, 0, 11.5, 0.5], "texture": "#texture"},
				"east": {"uv": [11, 0, 11.5, 0.5], "texture": "#texture"},
				"south": {"uv": [11, 0, 11.5, 0.5], "texture": "#texture"},
				"west": {"uv": [11, 0, 11.5, 0.5], "texture": "#texture"},
				"up": {"uv": [11, 0, 11.5, 0.5], "texture": "#texture"},
				"down": {"uv": [11, 0, 11.5, 0.5], "texture": "#texture"}
			}
		},
		{
			"from": [1, 3.4375, 4],
			"to": [10.5, 3.5, 4.0625],
			"faces": {
				"north": {"uv": [11, 0, 11.5, 0.5], "texture": "#texture"},
				"east": {"uv": [11, 0, 11.5, 0.5], "texture": "#texture"},
				"south": {"uv": [11, 0, 11.5, 0.5], "texture": "#texture"},
				"west": {"uv": [11, 0, 11.5, 0.5], "texture": "#texture"},
				"up": {"uv": [11, 0, 11.5, 0.5], "texture": "#texture"},
				"down": {"uv": [11, 0, 11.5, 0.5], "texture": "#texture"}
			}
		},
		{
			"from": [10.5, 3.4375, 4],
			"to": [10.5625, 3.5, 5.5],
			"faces": {
				"north": {"uv": [11, 0, 11.5, 0.5], "texture": "#texture"},
				"east": {"uv": [11, 0, 11.5, 0.5], "texture": "#texture"},
				"south": {"uv": [11, 0, 11.5, 0.5], "texture": "#texture"},
				"west": {"uv": [11, 0, 11.5, 0.5], "texture": "#texture"},
				"up": {"uv": [11, 0, 11.5, 0.5], "texture": "#texture"},
				"down": {"uv": [11, 0, 11.5, 0.5], "texture": "#texture"}
			}
		},
		{
			"from": [10, 3.1, 5.1],
			"to": [12, 3.6, 6.1],
			"faces": {
				"north": {"uv": [8.5, 0, 9, 0.5], "texture": "#texture"},
				"east": {"uv": [8.5, 0, 9, 0.5], "texture": "#texture"},
				"south": {"uv": [8.5, 0, 9, 0.5], "texture": "#texture"},
				"west": {"uv": [8.5, 0, 9, 0.5], "texture": "#texture"},
				"up": {"uv": [8.5, 0, 9, 0.5], "texture": "#texture"},
				"down": {"uv": [8.5, 0, 9, 0.5], "texture": "#texture"}
			}
		}
	],
	"display": {
		"thirdperson_righthand": {
			"rotation": [15, -90, -77],
			"translation": [0, 3, 2.75],
			"scale": [0.5, 0.5, 0.5]
		},
		"firstperson_righthand": {
			"rotation": [82, -90, 2],
			"translation": [4, 0.75, 0],
			"scale": [0.5, 0.5, 0.5]
		},
		"ground": {
			"scale": [0.5, 0.5, 0.5]
		},
		"gui": {
			"rotation": [90, -90, 0],
			"translation": [0, -1.25, 0]
		},
		"head": {
			"translation": [0, 13.25, 0]
		},
		"fixed": {
			"rotation": [0, 90, -90],
			"translation": [0, 0, -7]
		}
	}
}