{
	"credit": "quiktori",
	"textures": {
		"desert_eagle": "items/desert_eagle"
	},
	"elements": [
		{
			"from": [9.375, 6.25, 8.375],
			"to": [12.125, 7.5, 9.625],
			"faces": {
				"north": {"uv": [15.75, 0, 10.875, 3.5], "texture": "#desert_eagle"},
				"east": {"uv": [6.875, 0.125, 8.375, 0.625], "texture": "#desert_eagle"},
				"south": {"uv": [16, 3.5, 10.875, 0], "rotation": 180, "texture": "#desert_eagle"},
				"west": {"uv": [6.875, 0.125, 8.375, 0.625], "texture": "#desert_eagle"},
				"up": {"uv": [4.875, 0, 10.125, 0.5], "texture": "#desert_eagle"},
				"down": {"uv": [9, 3.375, 4.25, 3.375], "texture": "#desert_eagle"}
			}
		},
		{
			"from": [9.5, 2.5, 8.5],
			"to": [11.125, 6.75, 9.5],
			"rotation": {"angle": 22.5, "axis": "z", "origin": [9.5, 6.75, 8.5]},
			"faces": {
				"north": {"uv": [9.5, 3.875, 11.125, 4.75], "texture": "#desert_eagle"},
				"east": {"uv": [2.625, 3.625, 4.5, 4.75], "texture": "#desert_eagle"},
				"south": {"uv": [7.25, 3.625, 8.625, 4.875], "texture": "#desert_eagle"},
				"west": {"uv": [2.25, 3.625, 4, 4.375], "texture": "#desert_eagle"},
				"up": {"uv": [12.125, 11.375, 13.5, 12.875], "texture": "#desert_eagle"},
				"down": {"uv": [15.5, 4.75, 14.375, 4.25], "texture": "#desert_eagle"}
			}
		},
		{
			"from": [8.625, 5, 8.625],
			"to": [8.6875, 6.625, 9.375],
			"faces": {
				"east": {"uv": [9.25, 4, 10, 4.875], "texture": "#desert_eagle"},
				"west": {"uv": [9.25, 4, 10, 4.875], "texture": "#desert_eagle"}
			}
		},
		{
			"from": [8.625, 4.9375, 8.625],
			"to": [11.125, 5, 9.375],
			"faces": {
				"up": {"uv": [8.25, 3.75, 10.3125, 4.75], "texture": "#desert_eagle"},
				"down": {"uv": [8.25, 3.75, 10.3125, 4.75], "texture": "#desert_eagle"}
			}
		},
		{
			"from": [9.5, 5, 8.75],
			"to": [9.6875, 6.125, 9.25],
			"rotation": {"angle": -22.5, "axis": "z", "origin": [9.5, 6.125, 8.75]},
			"faces": {
				"north": {"uv": [0.375, 14.75, 0.5625, 15.875], "texture": "#desert_eagle"},
				"east": {"uv": [0.125, 14.5, 0.375, 15.125], "texture": "#desert_eagle"},
				"south": {"uv": [0.375, 14.75, 0.5625, 15.875], "texture": "#desert_eagle"},
				"west": {"uv": [0.125, 14.5, 0.375, 15.125], "texture": "#desert_eagle"},
				"up": {"uv": [0.375, 15.25, 0.5625, 15.75], "texture": "#desert_eagle"},
				"down": {"uv": [0.375, 15.25, 0.5625, 15.75], "texture": "#desert_eagle"}
			}
		},
		{
			"from": [11.625, 6, 8.5],
			"to": [12.125, 6.75, 9.5],
			"rotation": {"angle": -45, "axis": "z", "origin": [11.625, 6.75, 8.5]},
			"faces": {
				"north": {"uv": [7.875, 3.75, 9.25, 4.9375], "texture": "#desert_eagle"},
				"east": {"uv": [5.875, 3.625, 7.375, 5], "texture": "#desert_eagle"},
				"south": {"uv": [5.75, 3.625, 7.125, 4.8125], "texture": "#desert_eagle"},
				"west": {"uv": [7.125, 3.75, 8.5, 4.9375], "texture": "#desert_eagle"},
				"up": {"uv": [8, 3.625, 9.375, 5], "texture": "#desert_eagle"},
				"down": {"uv": [6, 4.875, 4.75, 4], "texture": "#desert_eagle"}
			}
		},
		{
			"from": [3.875, 5.9375, 8.5625],
			"to": [4.375, 6.5625, 9.4375],
			"rotation": {"angle": 45, "axis": "z", "origin": [3.875, 6.5625, 8.5625]},
			"faces": {
				"north": {"uv": [7.125, 11, 7.5, 11.375], "texture": "#desert_eagle"},
				"east": {"uv": [6.875, 10.75, 7.375, 11.125], "texture": "#desert_eagle"},
				"south": {"uv": [7.125, 11, 7.5, 11.375], "texture": "#desert_eagle"},
				"west": {"uv": [6.875, 10.75, 7.375, 11.125], "texture": "#desert_eagle"},
				"up": {"uv": [6.625, 10.625, 7, 11.125], "texture": "#desert_eagle"},
				"down": {"uv": [6.875, 10.875, 7.25, 11.375], "texture": "#desert_eagle"}
			}
		},
		{
			"from": [4.75, 6.875, 8.625],
			"to": [5.125, 7.5, 8.875],
			"rotation": {"angle": -45, "axis": "z", "origin": [4.75, 7.5, 8.625]},
			"faces": {
				"north": {"uv": [8.5, 10.375, 8.5, 10.875], "texture": "#desert_eagle"},
				"east": {"uv": [8.375, 10.25, 8.5, 11], "texture": "#desert_eagle"},
				"south": {"uv": [8.5, 10.375, 8.5, 10.875], "texture": "#desert_eagle"},
				"west": {"uv": [8.375, 10.25, 8.5, 11], "texture": "#desert_eagle"},
				"up": {"uv": [8, 10.25, 8.125, 11], "texture": "#desert_eagle"},
				"down": {"uv": [8, 10.25, 8.125, 11], "texture": "#desert_eagle"}
			}
		},
		{
			"from": [4.75, 6.875, 9.125],
			"to": [5.125, 7.5, 9.375],
			"rotation": {"angle": -45, "axis": "z", "origin": [4.75, 7.5, 9.125]},
			"faces": {
				"north": {"uv": [8, 10.75, 8.25, 11.375], "texture": "#desert_eagle"},
				"east": {"uv": [14.5, 10.5, 14.625, 11.125], "texture": "#desert_eagle"},
				"south": {"uv": [8, 10.75, 8.25, 11.375], "texture": "#desert_eagle"},
				"west": {"uv": [8.5, 10.375, 8.625, 11.125], "texture": "#desert_eagle"},
				"up": {"uv": [8.375, 10.25, 8.375, 10.875], "texture": "#desert_eagle"},
				"down": {"uv": [8.375, 10.25, 8.375, 10.875], "texture": "#desert_eagle"}
			}
		},
		{
			"from": [3.875, 6.5, 8.5],
			"to": [4.25, 7.375, 9.5],
			"faces": {
				"north": {"uv": [6.5, 11, 6.875, 11.375], "texture": "#desert_eagle"},
				"east": {"uv": [7.25, 11.5, 7.75, 11.875], "texture": "#desert_eagle"},
				"south": {"uv": [6.5, 11, 6.875, 11.375], "texture": "#desert_eagle"},
				"west": {"uv": [7.25, 11.5, 7.75, 11.875], "texture": "#desert_eagle"},
				"up": {"uv": [6.625, 11, 7, 11.5], "texture": "#desert_eagle"},
				"down": {"uv": [6.625, 11, 7, 11.5], "texture": "#desert_eagle"}
			}
		},
		{
			"from": [11.625, 6.5, 8.8125],
			"to": [12.125, 7.25, 9.1875],
			"rotation": {"angle": 22.5, "axis": "z", "origin": [11.625, 7.25, 8.8125]},
			"faces": {
				"north": {"uv": [8.125, 3.625, 9.5, 4.8125], "texture": "#desert_eagle"},
				"east": {"uv": [7.375, 3.75, 8.75, 4.9375], "texture": "#desert_eagle"},
				"south": {"uv": [8.125, 3.625, 9.5, 4.8125], "texture": "#desert_eagle"},
				"west": {"uv": [7.375, 3.75, 8.75, 4.9375], "texture": "#desert_eagle"},
				"up": {"uv": [9.625, 4.375, 11, 5], "texture": "#desert_eagle"},
				"down": {"uv": [9.625, 4.375, 11, 5], "texture": "#desert_eagle"}
			}
		},
		{
			"from": [4.25, 6.75, 8.5],
			"to": [9.375, 7.375, 9.5],
			"faces": {
				"north": {"uv": [10.625, 0, 0.25, 1.125], "texture": "#desert_eagle"},
				"east": {"uv": [7, 3.875, 8.25, 4.25], "texture": "#desert_eagle"},
				"south": {"uv": [0, 0, 10.5, 1], "texture": "#desert_eagle"},
				"west": {"uv": [7, 3.875, 8.25, 4.25], "texture": "#desert_eagle"},
				"up": {"uv": [3.75, 0, 9.125, 0.25], "texture": "#desert_eagle"},
				"down": {"uv": [5.5, 4, 9.125, 4.875], "texture": "#desert_eagle"}
			}
		},
		{
			"from": [10.25, 2.875, 9.1875],
			"to": [11.25, 5.625, 9.61875],
			"rotation": {"angle": 22.5, "axis": "z", "origin": [10.25, 5.625, 9.1875]},
			"faces": {
				"north": {"uv": [11.75, 6.25, 16, 14.75], "texture": "#desert_eagle"},
				"east": {"uv": [13.25, 11.75, 14.75, 14.875], "texture": "#desert_eagle"},
				"south": {"uv": [15.25, 6.25, 12.125, 15.25], "texture": "#desert_eagle"},
				"west": {"uv": [12.625, 11.875, 14.125, 15], "texture": "#desert_eagle"},
				"up": {"uv": [12.5, 6.5, 13.875, 8], "texture": "#desert_eagle"},
				"down": {"uv": [14.5, 13.625, 13.125, 12.125], "texture": "#desert_eagle"}
			}
		},
		{
			"from": [9.5, 7.5, 8.625],
			"to": [10.625, 7.625, 9.375],
			"faces": {
				"north": {"uv": [12, 10.875, 13.125, 11], "texture": "#desert_eagle"},
				"east": {"uv": [11.875, 11.125, 13.125, 11.25], "texture": "#desert_eagle"},
				"south": {"uv": [12, 10.875, 13.125, 11], "texture": "#desert_eagle"},
				"west": {"uv": [11.875, 11.125, 13.125, 11.25], "texture": "#desert_eagle"},
				"up": {"uv": [12.125, 11.125, 13.25, 12.375], "texture": "#desert_eagle"},
				"down": {"uv": [13.375, 12.375, 12.25, 11.125], "texture": "#desert_eagle"}
			}
		},
		{
			"from": [11, 6.625, 8.875],
			"to": [12, 7.25, 9.125],
			"rotation": {"angle": 22.5, "axis": "z", "origin": [11, 7.25, 8.875]},
			"faces": {
				"north": {"uv": [6.25, 7, 7.25, 7.625], "texture": "#desert_eagle"},
				"east": {"uv": [9.125, 10, 9.625, 10.625], "texture": "#desert_eagle"},
				"south": {"uv": [6.25, 7, 7.25, 7.625], "texture": "#desert_eagle"},
				"west": {"uv": [9.125, 10, 9.625, 10.625], "texture": "#desert_eagle"},
				"up": {"uv": [8.625, 6.625, 9.75, 7.375], "texture": "#desert_eagle"},
				"down": {"uv": [8.625, 6.625, 9.75, 7.375], "texture": "#desert_eagle"}
			}
		},
		{
			"from": [9, 5.875, 8.375],
			"to": [10, 6.25, 9.625],
			"faces": {
				"north": {"uv": [7.875, 3.625, 11.375, 4.5], "texture": "#desert_eagle"},
				"east": {"uv": [6, 3.625, 6.875, 3.875], "texture": "#desert_eagle"},
				"south": {"uv": [3.875, 3.625, 8.75, 4.25], "texture": "#desert_eagle"},
				"west": {"uv": [6.125, 4.125, 7.125, 4.25], "texture": "#desert_eagle"},
				"up": {"uv": [6, 3.625, 10.875, 4.875], "texture": "#desert_eagle"},
				"down": {"uv": [9.625, 5, 4.5, 3.875], "texture": "#desert_eagle"}
			}
		},
		{
			"from": [4.25, 6, 8.5],
			"to": [6.25, 6.75, 9.5],
			"faces": {
				"north": {"uv": [2.375, 1.375, 2.625, 4.625], "texture": "#desert_eagle"},
				"east": {"uv": [6.625, 4.125, 7.875, 4.5], "texture": "#desert_eagle"},
				"south": {"uv": [2.25, 1.375, 5.75, 4.625], "texture": "#desert_eagle"},
				"west": {"uv": [6.625, 4.125, 7.875, 4.5], "texture": "#desert_eagle"},
				"up": {"uv": [5.375, 4.125, 8.875, 4.625], "texture": "#desert_eagle"},
				"down": {"uv": [5.375, 4.125, 8.875, 4.625], "texture": "#desert_eagle"}
			}
		},
		{
			"from": [6.125, 5.875, 8.375],
			"to": [9.375, 6.75, 9.625],
			"faces": {
				"north": {"uv": [10.875, 1.5, 10.625, 5.25], "texture": "#desert_eagle"},
				"east": {"uv": [10.75, 1.75, 11, 4.75], "texture": "#desert_eagle"},
				"south": {"uv": [5.5, 1.375, 11, 5.25], "texture": "#desert_eagle"},
				"west": {"uv": [10.75, 1.75, 11, 4.75], "texture": "#desert_eagle"},
				"up": {"uv": [4.75, 0, 9.25, 0.25], "texture": "#desert_eagle"},
				"down": {"uv": [5.25, 3.75, 9.75, 4], "texture": "#desert_eagle"}
			}
		},
		{
			"from": [3.75, 6.875, 8.75],
			"to": [4, 7.25, 9.25],
			"faces": {
				"north": {"uv": [3.5, 9.75, 3.625, 10.125], "texture": "#desert_eagle"},
				"east": {"uv": [3.75, 9.125, 3.75, 9.5], "texture": "#desert_eagle"},
				"south": {"uv": [3.5, 9.75, 3.625, 10.125], "texture": "#desert_eagle"},
				"west": {"uv": [3.75, 9.125, 3.75, 9.5], "texture": "#desert_eagle"},
				"up": {"uv": [2.875, 9.75, 2.875, 10.125], "texture": "#desert_eagle"},
				"down": {"uv": [7, 10.5, 7, 10.875], "texture": "#desert_eagle"}
			}
		},
		{
			"from": [10.25, 2.875, 8.375],
			"to": [11.25, 5.625, 8.80625],
			"rotation": {"angle": 22.5, "axis": "z", "origin": [10.25, 5.625, 8.375]},
			"faces": {
				"north": {"uv": [11.75, 6.25, 16, 14.75], "texture": "#desert_eagle"},
				"east": {"uv": [13.25, 11.75, 14.75, 14.875], "texture": "#desert_eagle"},
				"south": {"uv": [15.25, 6.25, 12.125, 15.25], "texture": "#desert_eagle"},
				"west": {"uv": [12.625, 11.875, 14.125, 15], "texture": "#desert_eagle"},
				"up": {"uv": [12.5, 6.5, 13.875, 8], "texture": "#desert_eagle"},
				"down": {"uv": [14.5, 13.625, 13.125, 12.125], "texture": "#desert_eagle"}
			}
		}
	],
	"display": {
		"thirdperson_righthand": {
			"rotation": [72, -90, 38],
			"translation": [1, 4.75, 0]
		},
		"thirdperson_lefthand": {
			"rotation": [63, 90, -31],
			"translation": [-1, 4.5, -0.75]
		},
		"firstperson_righthand": {
			"rotation": [0, -96, -2],
			"translation": [0.5, 5.25, -0.5]
		},
		"firstperson_lefthand": {
			"rotation": [0, 90, 7],
			"translation": [-1.5, 5.25, 0]
		},
		"ground": {
			"translation": [0, 6.25, 0],
			"scale": [2, 2, 2]
		},
		"gui": {
			"rotation": [-10, 173, -29],
			"translation": [-0.7, 6.15, -0.7],
			"scale": [2.5, 2.5, 2.5]
		},
		"head": {
			"rotation": [0, -90, 1],
			"translation": [1.5, 8.4, -4.3],
			"scale": [3, 3, 3]
		},
		"fixed": {
			"rotation": [0, 0, -23],
			"translation": [0.1, 5, -2.6],
			"scale": [3.5, 3.5, 3.5]
		}
	}
}